Id,Id2,Geography,Population
1400000US21001970100,21001970100,"Census Tract 9701, Adair County, Kentucky",1727
1400000US21001970200,21001970200,"Census Tract 9702, Adair County, Kentucky",1722
1400000US21001970300,21001970300,"Census Tract 9703, Adair County, Kentucky",3016
1400000US21001970401,21001970401,"Census Tract 9704.01, Adair County, Kentucky",4070
1400000US21001970402,21001970402,"Census Tract 9704.02, Adair County, Kentucky",4261
1400000US21001970500,21001970500,"Census Tract 9705, Adair County, Kentucky",2457
1400000US21001970600,21001970600,"Census Tract 9706, Adair County, Kentucky",1403
1400000US21003920100,21003920100,"Census Tract 9201, Allen County, Kentucky",3185
1400000US21003920200,21003920200,"Census Tract 9202, Allen County, Kentucky",2703
1400000US21003920300,21003920300,"Census Tract 9203, Allen County, Kentucky",4685
1400000US21003920400,21003920400,"Census Tract 9204, Allen County, Kentucky",4492
1400000US21003920500,21003920500,"Census Tract 9205, Allen County, Kentucky",1600
1400000US21003920600,21003920600,"Census Tract 9206, Allen County, Kentucky",3291
1400000US21005950100,21005950100,"Census Tract 9501, Anderson County, Kentucky",8164
1400000US21005950201,21005950201,"Census Tract 9502.01, Anderson County, Kentucky",5372
1400000US21005950202,21005950202,"Census Tract 9502.02, Anderson County, Kentucky",3651
1400000US21005950300,21005950300,"Census Tract 9503, Anderson County, Kentucky",1969
1400000US21005950400,21005950400,"Census Tract 9504, Anderson County, Kentucky",2265
1400000US21007950100,21007950100,"Census Tract 9501, Ballard County, Kentucky",4259
1400000US21007950200,21007950200,"Census Tract 9502, Ballard County, Kentucky",1494
1400000US21007950300,21007950300,"Census Tract 9503, Ballard County, Kentucky",2496
1400000US21009950100,21009950100,"Census Tract 9501, Barren County, Kentucky",3592
1400000US21009950200,21009950200,"Census Tract 9502, Barren County, Kentucky",3642
1400000US21009950300,21009950300,"Census Tract 9503, Barren County, Kentucky",3065
1400000US21009950400,21009950400,"Census Tract 9504, Barren County, Kentucky",5910
1400000US21009950500,21009950500,"Census Tract 9505, Barren County, Kentucky",3698
1400000US21009950600,21009950600,"Census Tract 9506, Barren County, Kentucky",5937
1400000US21009950700,21009950700,"Census Tract 9507, Barren County, Kentucky",5878
1400000US21009950800,21009950800,"Census Tract 9508, Barren County, Kentucky",3337
1400000US21009950900,21009950900,"Census Tract 9509, Barren County, Kentucky",3607
1400000US21009951000,21009951000,"Census Tract 9510, Barren County, Kentucky",3507
1400000US21011970100,21011970100,"Census Tract 9701, Bath County, Kentucky",1791
1400000US21011970200,21011970200,"Census Tract 9702, Bath County, Kentucky",6192
1400000US21011970300,21011970300,"Census Tract 9703, Bath County, Kentucky",3608
1400000US21013960100,21013960100,"Census Tract 9601, Bell County, Kentucky",2564
1400000US21013960200,21013960200,"Census Tract 9602, Bell County, Kentucky",5150
1400000US21013960300,21013960300,"Census Tract 9603, Bell County, Kentucky",2381
1400000US21013960400,21013960400,"Census Tract 9604, Bell County, Kentucky",1896
1400000US21013960500,21013960500,"Census Tract 9605, Bell County, Kentucky",2194
1400000US21013960600,21013960600,"Census Tract 9606, Bell County, Kentucky",4747
1400000US21013960700,21013960700,"Census Tract 9607, Bell County, Kentucky",2849
1400000US21013960800,21013960800,"Census Tract 9608, Bell County, Kentucky",3771
1400000US21013961100,21013961100,"Census Tract 9611, Bell County, Kentucky",3139
1400000US21015070100,21015070100,"Census Tract 701, Boone County, Kentucky",6680
1400000US21015070200,21015070200,"Census Tract 702, Boone County, Kentucky",6368
1400000US21015070301,21015070301,"Census Tract 703.01, Boone County, Kentucky",5506
1400000US21015070305,21015070305,"Census Tract 703.05, Boone County, Kentucky",5644
1400000US21015070307,21015070307,"Census Tract 703.07, Boone County, Kentucky",11018
1400000US21015070308,21015070308,"Census Tract 703.08, Boone County, Kentucky",9807
1400000US21015070309,21015070309,"Census Tract 703.09, Boone County, Kentucky",6184
1400000US21015070311,21015070311,"Census Tract 703.11, Boone County, Kentucky",2538
1400000US21015070312,21015070312,"Census Tract 703.12, Boone County, Kentucky",3053
1400000US21015070313,21015070313,"Census Tract 703.13, Boone County, Kentucky",3057
1400000US21015070314,21015070314,"Census Tract 703.14, Boone County, Kentucky",4865
1400000US21015070401,21015070401,"Census Tract 704.01, Boone County, Kentucky",8566
1400000US21015070402,21015070402,"Census Tract 704.02, Boone County, Kentucky",8254
1400000US21015070502,21015070502,"Census Tract 705.02, Boone County, Kentucky",4229
1400000US21015070503,21015070503,"Census Tract 705.03, Boone County, Kentucky",6179
1400000US21015070504,21015070504,"Census Tract 705.04, Boone County, Kentucky",7759
1400000US21015070601,21015070601,"Census Tract 706.01, Boone County, Kentucky",2593
1400000US21015070604,21015070604,"Census Tract 706.04, Boone County, Kentucky",3045
1400000US21015070605,21015070605,"Census Tract 706.05, Boone County, Kentucky",5535
1400000US21015070606,21015070606,"Census Tract 706.06, Boone County, Kentucky",4163
1400000US21015070607,21015070607,"Census Tract 706.07, Boone County, Kentucky",3768
1400000US21015980100,21015980100,"Census Tract 9801, Boone County, Kentucky",0
1400000US21017030100,21017030100,"Census Tract 301, Bourbon County, Kentucky",3975
1400000US21017030200,21017030200,"Census Tract 302, Bourbon County, Kentucky",6018
1400000US21017030300,21017030300,"Census Tract 303, Bourbon County, Kentucky",3076
1400000US21017030400,21017030400,"Census Tract 304, Bourbon County, Kentucky",2407
1400000US21017030500,21017030500,"Census Tract 305, Bourbon County, Kentucky",2329
1400000US21017030600,21017030600,"Census Tract 306, Bourbon County, Kentucky",2180
1400000US21019030200,21019030200,"Census Tract 302, Boyd County, Kentucky",1381
1400000US21019030300,21019030300,"Census Tract 303, Boyd County, Kentucky",2046
1400000US21019030400,21019030400,"Census Tract 304, Boyd County, Kentucky",2268
1400000US21019030500,21019030500,"Census Tract 305, Boyd County, Kentucky",4484
1400000US21019030600,21019030600,"Census Tract 306, Boyd County, Kentucky",4213
1400000US21019030700,21019030700,"Census Tract 307, Boyd County, Kentucky",3397
1400000US21019030800,21019030800,"Census Tract 308, Boyd County, Kentucky",3916
1400000US21019030900,21019030900,"Census Tract 309, Boyd County, Kentucky",5524
1400000US21019031001,21019031001,"Census Tract 310.01, Boyd County, Kentucky",1463
1400000US21019031002,21019031002,"Census Tract 310.02, Boyd County, Kentucky",6942
1400000US21019031100,21019031100,"Census Tract 311, Boyd County, Kentucky",7919
1400000US21019031200,21019031200,"Census Tract 312, Boyd County, Kentucky",3453
1400000US21019031300,21019031300,"Census Tract 313, Boyd County, Kentucky",2536
1400000US21021930100,21021930100,"Census Tract 9301, Boyle County, Kentucky",5365
1400000US21021930200,21021930200,"Census Tract 9302, Boyle County, Kentucky",4313
1400000US21021930300,21021930300,"Census Tract 9303, Boyle County, Kentucky",3223
1400000US21021930400,21021930400,"Census Tract 9304, Boyle County, Kentucky",3938
1400000US21021930500,21021930500,"Census Tract 9305, Boyle County, Kentucky",3457
1400000US21021930600,21021930600,"Census Tract 9306, Boyle County, Kentucky",3617
1400000US21021930700,21021930700,"Census Tract 9307, Boyle County, Kentucky",4519
1400000US21023950100,21023950100,"Census Tract 9501, Bracken County, Kentucky",2623
1400000US21023950200,21023950200,"Census Tract 9502, Bracken County, Kentucky",1769
1400000US21023950300,21023950300,"Census Tract 9503, Bracken County, Kentucky",4096
1400000US21025920100,21025920100,"Census Tract 9201, Breathitt County, Kentucky",1184
1400000US21025920200,21025920200,"Census Tract 9202, Breathitt County, Kentucky",2221
1400000US21025920300,21025920300,"Census Tract 9203, Breathitt County, Kentucky",3693
1400000US21025920400,21025920400,"Census Tract 9204, Breathitt County, Kentucky",1297
1400000US21025920500,21025920500,"Census Tract 9205, Breathitt County, Kentucky",1575
1400000US21025920600,21025920600,"Census Tract 9206, Breathitt County, Kentucky",1993
1400000US21025920700,21025920700,"Census Tract 9207, Breathitt County, Kentucky",1915
1400000US21027960100,21027960100,"Census Tract 9601, Breckinridge County, Kentucky",4855
1400000US21027960200,21027960200,"Census Tract 9602, Breckinridge County, Kentucky",5265
1400000US21027960300,21027960300,"Census Tract 9603, Breckinridge County, Kentucky",3097
1400000US21027960400,21027960400,"Census Tract 9604, Breckinridge County, Kentucky",1405
1400000US21027960501,21027960501,"Census Tract 9605.01, Breckinridge County, Kentucky",1940
1400000US21027960502,21027960502,"Census Tract 9605.02, Breckinridge County, Kentucky",3497
1400000US21029020101,21029020101,"Census Tract 201.01, Bullitt County, Kentucky",3702
1400000US21029020102,21029020102,"Census Tract 201.02, Bullitt County, Kentucky",3653
1400000US21029020103,21029020103,"Census Tract 201.03, Bullitt County, Kentucky",3054
1400000US21029020201,21029020201,"Census Tract 202.01, Bullitt County, Kentucky",5700
1400000US21029020202,21029020202,"Census Tract 202.02, Bullitt County, Kentucky",3650
1400000US21029020300,21029020300,"Census Tract 203, Bullitt County, Kentucky",4744
1400000US21029020400,21029020400,"Census Tract 204, Bullitt County, Kentucky",6065
1400000US21029020500,21029020500,"Census Tract 205, Bullitt County, Kentucky",5612
1400000US21029020601,21029020601,"Census Tract 206.01, Bullitt County, Kentucky",5736
1400000US21029020602,21029020602,"Census Tract 206.02, Bullitt County, Kentucky",1386
1400000US21029020701,21029020701,"Census Tract 207.01, Bullitt County, Kentucky",6134
1400000US21029020702,21029020702,"Census Tract 207.02, Bullitt County, Kentucky",2088
1400000US21029020800,21029020800,"Census Tract 208, Bullitt County, Kentucky",5067
1400000US21029020900,21029020900,"Census Tract 209, Bullitt County, Kentucky",2731
1400000US21029021101,21029021101,"Census Tract 211.01, Bullitt County, Kentucky",6204
1400000US21029021102,21029021102,"Census Tract 211.02, Bullitt County, Kentucky",3968
1400000US21029021200,21029021200,"Census Tract 212, Bullitt County, Kentucky",4825
1400000US21029980100,21029980100,"Census Tract 9801, Bullitt County, Kentucky",0
1400000US21031930100,21031930100,"Census Tract 9301, Butler County, Kentucky",3231
1400000US21031930200,21031930200,"Census Tract 9302, Butler County, Kentucky",1564
1400000US21031930300,21031930300,"Census Tract 9303, Butler County, Kentucky",4749
1400000US21031930400,21031930400,"Census Tract 9304, Butler County, Kentucky",1749
1400000US21031930500,21031930500,"Census Tract 9305, Butler County, Kentucky",1397
1400000US21033920100,21033920100,"Census Tract 9201, Caldwell County, Kentucky",2075
1400000US21033920200,21033920200,"Census Tract 9202, Caldwell County, Kentucky",5237
1400000US21033920300,21033920300,"Census Tract 9203, Caldwell County, Kentucky",5672
1400000US21035010100,21035010100,"Census Tract 101, Calloway County, Kentucky",4106
1400000US21035010200,21035010200,"Census Tract 102, Calloway County, Kentucky",4471
1400000US21035010301,21035010301,"Census Tract 103.01, Calloway County, Kentucky",3140
1400000US21035010302,21035010302,"Census Tract 103.02, Calloway County, Kentucky",6572
1400000US21035010400,21035010400,"Census Tract 104, Calloway County, Kentucky",2300
1400000US21035010500,21035010500,"Census Tract 105, Calloway County, Kentucky",3132
1400000US21035010600,21035010600,"Census Tract 106, Calloway County, Kentucky",6735
1400000US21035010700,21035010700,"Census Tract 107, Calloway County, Kentucky",3277
1400000US21035010800,21035010800,"Census Tract 108, Calloway County, Kentucky",3458
1400000US21037050100,21037050100,"Census Tract 501, Campbell County, Kentucky",1733
1400000US21037050400,21037050400,"Census Tract 504, Campbell County, Kentucky",1881
1400000US21037050500,21037050500,"Census Tract 505, Campbell County, Kentucky",2598
1400000US21037050600,21037050600,"Census Tract 506, Campbell County, Kentucky",1914
1400000US21037051101,21037051101,"Census Tract 511.01, Campbell County, Kentucky",2277
1400000US21037051102,21037051102,"Census Tract 511.02, Campbell County, Kentucky",1416
1400000US21037051200,21037051200,"Census Tract 512, Campbell County, Kentucky",1359
1400000US21037051300,21037051300,"Census Tract 513, Campbell County, Kentucky",4460
1400000US21037051901,21037051901,"Census Tract 519.01, Campbell County, Kentucky",4986
1400000US21037051903,21037051903,"Census Tract 519.03, Campbell County, Kentucky",5316
1400000US21037051904,21037051904,"Census Tract 519.04, Campbell County, Kentucky",4242
1400000US21037052001,21037052001,"Census Tract 520.01, Campbell County, Kentucky",4836
1400000US21037052002,21037052002,"Census Tract 520.02, Campbell County, Kentucky",2818
1400000US21037052100,21037052100,"Census Tract 521, Campbell County, Kentucky",3443
1400000US21037052200,21037052200,"Census Tract 522, Campbell County, Kentucky",2402
1400000US21037052301,21037052301,"Census Tract 523.01, Campbell County, Kentucky",4534
1400000US21037052302,21037052302,"Census Tract 523.02, Campbell County, Kentucky",4679
1400000US21037052400,21037052400,"Census Tract 524, Campbell County, Kentucky",2721
1400000US21037052500,21037052500,"Census Tract 525, Campbell County, Kentucky",5543
1400000US21037052800,21037052800,"Census Tract 528, Campbell County, Kentucky",3561
1400000US21037052900,21037052900,"Census Tract 529, Campbell County, Kentucky",5362
1400000US21037053100,21037053100,"Census Tract 531, Campbell County, Kentucky",5810
1400000US21037053200,21037053200,"Census Tract 532, Campbell County, Kentucky",2578
1400000US21037053301,21037053301,"Census Tract 533.01, Campbell County, Kentucky",4894
1400000US21037053302,21037053302,"Census Tract 533.02, Campbell County, Kentucky",4973
1400000US21039960100,21039960100,"Census Tract 9601, Carlisle County, Kentucky",1599
1400000US21039960200,21039960200,"Census Tract 9602, Carlisle County, Kentucky",1854
1400000US21039960300,21039960300,"Census Tract 9603, Carlisle County, Kentucky",1651
1400000US21041950100,21041950100,"Census Tract 9501, Carroll County, Kentucky",2498
1400000US21041950200,21041950200,"Census Tract 9502, Carroll County, Kentucky",6155
1400000US21041950300,21041950300,"Census Tract 9503, Carroll County, Kentucky",2158
1400000US21043960100,21043960100,"Census Tract 9601, Carter County, Kentucky",3539
1400000US21043960200,21043960200,"Census Tract 9602, Carter County, Kentucky",4045
1400000US21043960300,21043960300,"Census Tract 9603, Carter County, Kentucky",3183
1400000US21043960400,21043960400,"Census Tract 9604, Carter County, Kentucky",1951
1400000US21043960500,21043960500,"Census Tract 9605, Carter County, Kentucky",4337
1400000US21043960600,21043960600,"Census Tract 9606, Carter County, Kentucky",6401
1400000US21043960700,21043960700,"Census Tract 9607, Carter County, Kentucky",4264
1400000US21045950100,21045950100,"Census Tract 9501, Casey County, Kentucky",1297
1400000US21045950200,21045950200,"Census Tract 9502, Casey County, Kentucky",2370
1400000US21045950300,21045950300,"Census Tract 9503, Casey County, Kentucky",6491
1400000US21045950400,21045950400,"Census Tract 9504, Casey County, Kentucky",3240
1400000US21045950500,21045950500,"Census Tract 9505, Casey County, Kentucky",2557
1400000US21047200100,21047200100,"Census Tract 2001, Christian County, Kentucky",4045
1400000US21047200200,21047200200,"Census Tract 2002, Christian County, Kentucky",3880
1400000US21047200300,21047200300,"Census Tract 2003, Christian County, Kentucky",3559
1400000US21047200400,21047200400,"Census Tract 2004, Christian County, Kentucky",2632
1400000US21047200500,21047200500,"Census Tract 2005, Christian County, Kentucky",4205
1400000US21047200600,21047200600,"Census Tract 2006, Christian County, Kentucky",4608
1400000US21047200700,21047200700,"Census Tract 2007, Christian County, Kentucky",6224
1400000US21047200800,21047200800,"Census Tract 2008, Christian County, Kentucky",2758
1400000US21047200900,21047200900,"Census Tract 2009, Christian County, Kentucky",6073
1400000US21047201000,21047201000,"Census Tract 2010, Christian County, Kentucky",2157
1400000US21047201100,21047201100,"Census Tract 2011, Christian County, Kentucky",4046
1400000US21047201200,21047201200,"Census Tract 2012, Christian County, Kentucky",2660
1400000US21047201301,21047201301,"Census Tract 2013.01, Christian County, Kentucky",3099
1400000US21047201302,21047201302,"Census Tract 2013.02, Christian County, Kentucky",7507
1400000US21047201400,21047201400,"Census Tract 2014, Christian County, Kentucky",2817
1400000US21047201501,21047201501,"Census Tract 2015.01, Christian County, Kentucky",5315
1400000US21047201502,21047201502,"Census Tract 2015.02, Christian County, Kentucky",4527
1400000US21047201503,21047201503,"Census Tract 2015.03, Christian County, Kentucky",3843
1400000US21047980100,21047980100,"Census Tract 9801, Christian County, Kentucky",0
1400000US21049020101,21049020101,"Census Tract 201.01, Clark County, Kentucky",5391
1400000US21049020103,21049020103,"Census Tract 201.03, Clark County, Kentucky",3678
1400000US21049020105,21049020105,"Census Tract 201.05, Clark County, Kentucky",3430
1400000US21049020106,21049020106,"Census Tract 201.06, Clark County, Kentucky",3256
1400000US21049020201,21049020201,"Census Tract 202.01, Clark County, Kentucky",3107
1400000US21049020202,21049020202,"Census Tract 202.02, Clark County, Kentucky",4133
1400000US21049020300,21049020300,"Census Tract 203, Clark County, Kentucky",2503
1400000US21049020400,21049020400,"Census Tract 204, Clark County, Kentucky",3059
1400000US21049020500,21049020500,"Census Tract 205, Clark County, Kentucky",2570
1400000US21049020600,21049020600,"Census Tract 206, Clark County, Kentucky",4486
1400000US21051950100,21051950100,"Census Tract 9501, Clay County, Kentucky",2026
1400000US21051950200,21051950200,"Census Tract 9502, Clay County, Kentucky",5962
1400000US21051950300,21051950300,"Census Tract 9503, Clay County, Kentucky",6574
1400000US21051950400,21051950400,"Census Tract 9504, Clay County, Kentucky",3183
1400000US21051950500,21051950500,"Census Tract 9505, Clay County, Kentucky",2661
1400000US21051950600,21051950600,"Census Tract 9506, Clay County, Kentucky",1324
1400000US21053970100,21053970100,"Census Tract 9701, Clinton County, Kentucky",2927
1400000US21053970201,21053970201,"Census Tract 9702.01, Clinton County, Kentucky",3405
1400000US21053970202,21053970202,"Census Tract 9702.02, Clinton County, Kentucky",3940
1400000US21055930100,21055930100,"Census Tract 9301, Crittenden County, Kentucky",1901
1400000US21055930200,21055930200,"Census Tract 9302, Crittenden County, Kentucky",4250
1400000US21055930300,21055930300,"Census Tract 9303, Crittenden County, Kentucky",1435
1400000US21055930400,21055930400,"Census Tract 9304, Crittenden County, Kentucky",1729
1400000US21057950100,21057950100,"Census Tract 9501, Cumberland County, Kentucky",4171
1400000US21057950200,21057950200,"Census Tract 9502, Cumberland County, Kentucky",2685
1400000US21059000100,21059000100,"Census Tract 1, Daviess County, Kentucky",3269
1400000US21059000200,21059000200,"Census Tract 2, Daviess County, Kentucky",3586
1400000US21059000300,21059000300,"Census Tract 3, Daviess County, Kentucky",1871
1400000US21059000400,21059000400,"Census Tract 4, Daviess County, Kentucky",7401
1400000US21059000500,21059000500,"Census Tract 5, Daviess County, Kentucky",2032
1400000US21059000600,21059000600,"Census Tract 6, Daviess County, Kentucky",5434
1400000US21059000700,21059000700,"Census Tract 7, Daviess County, Kentucky",4135
1400000US21059000800,21059000800,"Census Tract 8, Daviess County, Kentucky",3738
1400000US21059000900,21059000900,"Census Tract 9, Daviess County, Kentucky",5124
1400000US21059001000,21059001000,"Census Tract 10, Daviess County, Kentucky",2923
1400000US21059001100,21059001100,"Census Tract 11, Daviess County, Kentucky",2375
1400000US21059001200,21059001200,"Census Tract 12, Daviess County, Kentucky",3215
1400000US21059001300,21059001300,"Census Tract 13, Daviess County, Kentucky",5881
1400000US21059001401,21059001401,"Census Tract 14.01, Daviess County, Kentucky",5298
1400000US21059001402,21059001402,"Census Tract 14.02, Daviess County, Kentucky",5103
1400000US21059001501,21059001501,"Census Tract 15.01, Daviess County, Kentucky",3635
1400000US21059001502,21059001502,"Census Tract 15.02, Daviess County, Kentucky",3406
1400000US21059001601,21059001601,"Census Tract 16.01, Daviess County, Kentucky",3822
1400000US21059001602,21059001602,"Census Tract 16.02, Daviess County, Kentucky",4654
1400000US21059001701,21059001701,"Census Tract 17.01, Daviess County, Kentucky",5935
1400000US21059001702,21059001702,"Census Tract 17.02, Daviess County, Kentucky",3297
1400000US21059001703,21059001703,"Census Tract 17.03, Daviess County, Kentucky",4278
1400000US21059001800,21059001800,"Census Tract 18, Daviess County, Kentucky",6244
1400000US21061920200,21061920200,"Census Tract 9202, Edmonson County, Kentucky",4237
1400000US21061920300,21061920300,"Census Tract 9203, Edmonson County, Kentucky",1628
1400000US21061920400,21061920400,"Census Tract 9204, Edmonson County, Kentucky",6288
1400000US21061980100,21061980100,"Census Tract 9801, Edmonson County, Kentucky",8
1400000US21063920100,21063920100,"Census Tract 9201, Elliott County, Kentucky",5688
1400000US21063920200,21063920200,"Census Tract 9202, Elliott County, Kentucky",2164
1400000US21065920100,21065920100,"Census Tract 9201, Estill County, Kentucky",1427
1400000US21065920200,21065920200,"Census Tract 9202, Estill County, Kentucky",6124
1400000US21065920300,21065920300,"Census Tract 9203, Estill County, Kentucky",5418
1400000US21065920400,21065920400,"Census Tract 9204, Estill County, Kentucky",1703
1400000US21067000101,21067000101,"Census Tract 1.01, Fayette County, Kentucky",3072
1400000US21067000102,21067000102,"Census Tract 1.02, Fayette County, Kentucky",1567
1400000US21067000200,21067000200,"Census Tract 2, Fayette County, Kentucky",3563
1400000US21067000300,21067000300,"Census Tract 3, Fayette County, Kentucky",3157
1400000US21067000400,21067000400,"Census Tract 4, Fayette County, Kentucky",1261
1400000US21067000500,21067000500,"Census Tract 5, Fayette County, Kentucky",3284
1400000US21067000600,21067000600,"Census Tract 6, Fayette County, Kentucky",4116
1400000US21067000700,21067000700,"Census Tract 7, Fayette County, Kentucky",2353
1400000US21067000801,21067000801,"Census Tract 8.01, Fayette County, Kentucky",4094
1400000US21067000802,21067000802,"Census Tract 8.02, Fayette County, Kentucky",3487
1400000US21067000900,21067000900,"Census Tract 9, Fayette County, Kentucky",4420
1400000US21067001000,21067001000,"Census Tract 10, Fayette County, Kentucky",1477
1400000US21067001100,21067001100,"Census Tract 11, Fayette County, Kentucky",4724
1400000US21067001300,21067001300,"Census Tract 13, Fayette County, Kentucky",2310
1400000US21067001400,21067001400,"Census Tract 14, Fayette County, Kentucky",2523
1400000US21067001500,21067001500,"Census Tract 15, Fayette County, Kentucky",1978
1400000US21067001600,21067001600,"Census Tract 16, Fayette County, Kentucky",2600
1400000US21067001700,21067001700,"Census Tract 17, Fayette County, Kentucky",2171
1400000US21067001800,21067001800,"Census Tract 18, Fayette County, Kentucky",2623
1400000US21067001900,21067001900,"Census Tract 19, Fayette County, Kentucky",4767
1400000US21067002001,21067002001,"Census Tract 20.01, Fayette County, Kentucky",5803
1400000US21067002002,21067002002,"Census Tract 20.02, Fayette County, Kentucky",2271
1400000US21067002200,21067002200,"Census Tract 22, Fayette County, Kentucky",1581
1400000US21067002302,21067002302,"Census Tract 23.02, Fayette County, Kentucky",5199
1400000US21067002303,21067002303,"Census Tract 23.03, Fayette County, Kentucky",4372
1400000US21067002304,21067002304,"Census Tract 23.04, Fayette County, Kentucky",1938
1400000US21067002400,21067002400,"Census Tract 24, Fayette County, Kentucky",4061
1400000US21067002500,21067002500,"Census Tract 25, Fayette County, Kentucky",3448
1400000US21067002600,21067002600,"Census Tract 26, Fayette County, Kentucky",4992
1400000US21067002700,21067002700,"Census Tract 27, Fayette County, Kentucky",3732
1400000US21067002800,21067002800,"Census Tract 28, Fayette County, Kentucky",3896
1400000US21067002900,21067002900,"Census Tract 29, Fayette County, Kentucky",4260
1400000US21067003000,21067003000,"Census Tract 30, Fayette County, Kentucky",5661
1400000US21067003101,21067003101,"Census Tract 31.01, Fayette County, Kentucky",2888
1400000US21067003102,21067003102,"Census Tract 31.02, Fayette County, Kentucky",2538
1400000US21067003201,21067003201,"Census Tract 32.01, Fayette County, Kentucky",1537
1400000US21067003202,21067003202,"Census Tract 32.02, Fayette County, Kentucky",6218
1400000US21067003300,21067003300,"Census Tract 33, Fayette County, Kentucky",2703
1400000US21067003402,21067003402,"Census Tract 34.02, Fayette County, Kentucky",4490
1400000US21067003404,21067003404,"Census Tract 34.04, Fayette County, Kentucky",4042
1400000US21067003405,21067003405,"Census Tract 34.05, Fayette County, Kentucky",5940
1400000US21067003406,21067003406,"Census Tract 34.06, Fayette County, Kentucky",6746
1400000US21067003407,21067003407,"Census Tract 34.07, Fayette County, Kentucky",3306
1400000US21067003501,21067003501,"Census Tract 35.01, Fayette County, Kentucky",3755
1400000US21067003503,21067003503,"Census Tract 35.03, Fayette County, Kentucky",2498
1400000US21067003504,21067003504,"Census Tract 35.04, Fayette County, Kentucky",3427
1400000US21067003600,21067003600,"Census Tract 36, Fayette County, Kentucky",4371
1400000US21067003701,21067003701,"Census Tract 37.01, Fayette County, Kentucky",3517
1400000US21067003702,21067003702,"Census Tract 37.02, Fayette County, Kentucky",4338
1400000US21067003703,21067003703,"Census Tract 37.03, Fayette County, Kentucky",5119
1400000US21067003704,21067003704,"Census Tract 37.04, Fayette County, Kentucky",4004
1400000US21067003802,21067003802,"Census Tract 38.02, Fayette County, Kentucky",2280
1400000US21067003803,21067003803,"Census Tract 38.03, Fayette County, Kentucky",3156
1400000US21067003804,21067003804,"Census Tract 38.04, Fayette County, Kentucky",6131
1400000US21067003906,21067003906,"Census Tract 39.06, Fayette County, Kentucky",4160
1400000US21067003908,21067003908,"Census Tract 39.08, Fayette County, Kentucky",3937
1400000US21067003909,21067003909,"Census Tract 39.09, Fayette County, Kentucky",3081
1400000US21067003910,21067003910,"Census Tract 39.10, Fayette County, Kentucky",1821
1400000US21067003911,21067003911,"Census Tract 39.11, Fayette County, Kentucky",3543
1400000US21067003912,21067003912,"Census Tract 39.12, Fayette County, Kentucky",4215
1400000US21067003913,21067003913,"Census Tract 39.13, Fayette County, Kentucky",5315
1400000US21067003914,21067003914,"Census Tract 39.14, Fayette County, Kentucky",1975
1400000US21067003915,21067003915,"Census Tract 39.15, Fayette County, Kentucky",2564
1400000US21067003916,21067003916,"Census Tract 39.16, Fayette County, Kentucky",501
1400000US21067003917,21067003917,"Census Tract 39.17, Fayette County, Kentucky",1290
1400000US21067003918,21067003918,"Census Tract 39.18, Fayette County, Kentucky",2787
1400000US21067004001,21067004001,"Census Tract 40.01, Fayette County, Kentucky",6308
1400000US21067004003,21067004003,"Census Tract 40.03, Fayette County, Kentucky",5230
1400000US21067004005,21067004005,"Census Tract 40.05, Fayette County, Kentucky",1900
1400000US21067004006,21067004006,"Census Tract 40.06, Fayette County, Kentucky",1123
1400000US21067004007,21067004007,"Census Tract 40.07, Fayette County, Kentucky",1725
1400000US21067004103,21067004103,"Census Tract 41.03, Fayette County, Kentucky",1461
1400000US21067004104,21067004104,"Census Tract 41.04, Fayette County, Kentucky",4372
1400000US21067004105,21067004105,"Census Tract 41.05, Fayette County, Kentucky",3711
1400000US21067004106,21067004106,"Census Tract 41.06, Fayette County, Kentucky",4289
1400000US21067004107,21067004107,"Census Tract 41.07, Fayette County, Kentucky",5267
1400000US21067004204,21067004204,"Census Tract 42.04, Fayette County, Kentucky",5760
1400000US21067004205,21067004205,"Census Tract 42.05, Fayette County, Kentucky",6628
1400000US21067004207,21067004207,"Census Tract 42.07, Fayette County, Kentucky",3855
1400000US21067004208,21067004208,"Census Tract 42.08, Fayette County, Kentucky",7097
1400000US21067004209,21067004209,"Census Tract 42.09, Fayette County, Kentucky",3916
1400000US21067004210,21067004210,"Census Tract 42.10, Fayette County, Kentucky",4207
1400000US21069920100,21069920100,"Census Tract 9201, Fleming County, Kentucky",4363
1400000US21069920200,21069920200,"Census Tract 9202, Fleming County, Kentucky",3121
1400000US21069920300,21069920300,"Census Tract 9203, Fleming County, Kentucky",2451
1400000US21069920400,21069920400,"Census Tract 9204, Fleming County, Kentucky",4413
1400000US21071920100,21071920100,"Census Tract 9201, Floyd County, Kentucky",3466
1400000US21071920200,21071920200,"Census Tract 9202, Floyd County, Kentucky",2070
1400000US21071920300,21071920300,"Census Tract 9203, Floyd County, Kentucky",4856
1400000US21071920400,21071920400,"Census Tract 9204, Floyd County, Kentucky",4877
1400000US21071920500,21071920500,"Census Tract 9205, Floyd County, Kentucky",3291
1400000US21071920600,21071920600,"Census Tract 9206, Floyd County, Kentucky",3342
1400000US21071920700,21071920700,"Census Tract 9207, Floyd County, Kentucky",2802
1400000US21071920800,21071920800,"Census Tract 9208, Floyd County, Kentucky",5448
1400000US21071920900,21071920900,"Census Tract 9209, Floyd County, Kentucky",2063
1400000US21071921000,21071921000,"Census Tract 9210, Floyd County, Kentucky",7236
1400000US21073070100,21073070100,"Census Tract 701, Franklin County, Kentucky",6053
1400000US21073070401,21073070401,"Census Tract 704.01, Franklin County, Kentucky",2477
1400000US21073070402,21073070402,"Census Tract 704.02, Franklin County, Kentucky",5643
1400000US21073070500,21073070500,"Census Tract 705, Franklin County, Kentucky",2098
1400000US21073070600,21073070600,"Census Tract 706, Franklin County, Kentucky",4879
1400000US21073070701,21073070701,"Census Tract 707.01, Franklin County, Kentucky",3550
1400000US21073070702,21073070702,"Census Tract 707.02, Franklin County, Kentucky",5024
1400000US21073070800,21073070800,"Census Tract 708, Franklin County, Kentucky",4725
1400000US21073071000,21073071000,"Census Tract 710, Franklin County, Kentucky",5957
1400000US21073071100,21073071100,"Census Tract 711, Franklin County, Kentucky",6056
1400000US21073071200,21073071200,"Census Tract 712, Franklin County, Kentucky",2823
1400000US21075960100,21075960100,"Census Tract 9601, Fulton County, Kentucky",3802
1400000US21075960200,21075960200,"Census Tract 9602, Fulton County, Kentucky",3011
1400000US21077960101,21077960101,"Census Tract 9601.01, Gallatin County, Kentucky",6176
1400000US21077960102,21077960102,"Census Tract 9601.02, Gallatin County, Kentucky",2413
1400000US21079970100,21079970100,"Census Tract 9701, Garrard County, Kentucky",6089
1400000US21079970200,21079970200,"Census Tract 9702, Garrard County, Kentucky",4241
1400000US21079970300,21079970300,"Census Tract 9703, Garrard County, Kentucky",3456
1400000US21079970400,21079970400,"Census Tract 9704, Garrard County, Kentucky",3126
1400000US21081920100,21081920100,"Census Tract 9201, Grant County, Kentucky",8128
1400000US21081920200,21081920200,"Census Tract 9202, Grant County, Kentucky",7242
1400000US21081920300,21081920300,"Census Tract 9203, Grant County, Kentucky",7111
1400000US21081920400,21081920400,"Census Tract 9204, Grant County, Kentucky",2181
1400000US21083020100,21083020100,"Census Tract 201, Graves County, Kentucky",4279
1400000US21083020200,21083020200,"Census Tract 202, Graves County, Kentucky",4295
1400000US21083020300,21083020300,"Census Tract 203, Graves County, Kentucky",6378
1400000US21083020400,21083020400,"Census Tract 204, Graves County, Kentucky",2905
1400000US21083020500,21083020500,"Census Tract 205, Graves County, Kentucky",3898
1400000US21083020600,21083020600,"Census Tract 206, Graves County, Kentucky",2367
1400000US21083020700,21083020700,"Census Tract 207, Graves County, Kentucky",4936
1400000US21083020800,21083020800,"Census Tract 208, Graves County, Kentucky",5222
1400000US21083020900,21083020900,"Census Tract 209, Graves County, Kentucky",2841
1400000US21085950100,21085950100,"Census Tract 9501, Grayson County, Kentucky",2800
1400000US21085950200,21085950200,"Census Tract 9502, Grayson County, Kentucky",3087
1400000US21085950300,21085950300,"Census Tract 9503, Grayson County, Kentucky",3945
1400000US21085950400,21085950400,"Census Tract 9504, Grayson County, Kentucky",6924
1400000US21085950500,21085950500,"Census Tract 9505, Grayson County, Kentucky",2658
1400000US21085950600,21085950600,"Census Tract 9506, Grayson County, Kentucky",4036
1400000US21085950700,21085950700,"Census Tract 9507, Grayson County, Kentucky",2296
1400000US21087930100,21087930100,"Census Tract 9301, Green County, Kentucky",3174
1400000US21087930200,21087930200,"Census Tract 9302, Green County, Kentucky",4060
1400000US21087930300,21087930300,"Census Tract 9303, Green County, Kentucky",2423
1400000US21087930400,21087930400,"Census Tract 9304, Green County, Kentucky",1601
1400000US21089040100,21089040100,"Census Tract 401, Greenup County, Kentucky",4503
1400000US21089040201,21089040201,"Census Tract 402.01, Greenup County, Kentucky",2929
1400000US21089040202,21089040202,"Census Tract 402.02, Greenup County, Kentucky",4389
1400000US21089040300,21089040300,"Census Tract 403, Greenup County, Kentucky",4403
1400000US21089040400,21089040400,"Census Tract 404, Greenup County, Kentucky",5956
1400000US21089040501,21089040501,"Census Tract 405.01, Greenup County, Kentucky",3120
1400000US21089040502,21089040502,"Census Tract 405.02, Greenup County, Kentucky",4882
1400000US21089040600,21089040600,"Census Tract 406, Greenup County, Kentucky",3037
1400000US21089040700,21089040700,"Census Tract 407, Greenup County, Kentucky",3691
1400000US21091960100,21091960100,"Census Tract 9601, Hancock County, Kentucky",2578
1400000US21091960200,21091960200,"Census Tract 9602, Hancock County, Kentucky",3471
1400000US21091960300,21091960300,"Census Tract 9603, Hancock County, Kentucky",2516
1400000US21093000100,21093000100,"Census Tract 1, Hardin County, Kentucky",948
1400000US21093000201,21093000201,"Census Tract 2.01, Hardin County, Kentucky",1409
1400000US21093000202,21093000202,"Census Tract 2.02, Hardin County, Kentucky",4514
1400000US21093000300,21093000300,"Census Tract 3, Hardin County, Kentucky",4049
1400000US21093000400,21093000400,"Census Tract 4, Hardin County, Kentucky",5387
1400000US21093000500,21093000500,"Census Tract 5, Hardin County, Kentucky",2239
1400000US21093000600,21093000600,"Census Tract 6, Hardin County, Kentucky",3520
1400000US21093000700,21093000700,"Census Tract 7, Hardin County, Kentucky",4846
1400000US21093000800,21093000800,"Census Tract 8, Hardin County, Kentucky",4163
1400000US21093000901,21093000901,"Census Tract 9.01, Hardin County, Kentucky",9908
1400000US21093000902,21093000902,"Census Tract 9.02, Hardin County, Kentucky",4613
1400000US21093001001,21093001001,"Census Tract 10.01, Hardin County, Kentucky",6762
1400000US21093001002,21093001002,"Census Tract 10.02, Hardin County, Kentucky",8344
1400000US21093001100,21093001100,"Census Tract 11, Hardin County, Kentucky",3916
1400000US21093001200,21093001200,"Census Tract 12, Hardin County, Kentucky",5300
1400000US21093001300,21093001300,"Census Tract 13, Hardin County, Kentucky",5100
1400000US21093001401,21093001401,"Census Tract 14.01, Hardin County, Kentucky",3920
1400000US21093001402,21093001402,"Census Tract 14.02, Hardin County, Kentucky",4506
1400000US21093001500,21093001500,"Census Tract 15, Hardin County, Kentucky",2295
1400000US21093001600,21093001600,"Census Tract 16, Hardin County, Kentucky",9402
1400000US21093001700,21093001700,"Census Tract 17, Hardin County, Kentucky",8881
1400000US21093980100,21093980100,"Census Tract 9801, Hardin County, Kentucky",1521
1400000US21095970100,21095970100,"Census Tract 9701, Harlan County, Kentucky",1636
1400000US21095970200,21095970200,"Census Tract 9702, Harlan County, Kentucky",3460
1400000US21095970300,21095970300,"Census Tract 9703, Harlan County, Kentucky",1526
1400000US21095970400,21095970400,"Census Tract 9704, Harlan County, Kentucky",1134
1400000US21095970500,21095970500,"Census Tract 9705, Harlan County, Kentucky",1518
1400000US21095970600,21095970600,"Census Tract 9706, Harlan County, Kentucky",2903
1400000US21095970700,21095970700,"Census Tract 9707, Harlan County, Kentucky",3958
1400000US21095970800,21095970800,"Census Tract 9708, Harlan County, Kentucky",1230
1400000US21095970900,21095970900,"Census Tract 9709, Harlan County, Kentucky",4315
1400000US21095971000,21095971000,"Census Tract 9710, Harlan County, Kentucky",4625
1400000US21095971300,21095971300,"Census Tract 9713, Harlan County, Kentucky",2973
1400000US21097950100,21097950100,"Census Tract 9501, Harrison County, Kentucky",2833
1400000US21097950200,21097950200,"Census Tract 9502, Harrison County, Kentucky",2557
1400000US21097950300,21097950300,"Census Tract 9503, Harrison County, Kentucky",5604
1400000US21097950400,21097950400,"Census Tract 9504, Harrison County, Kentucky",3168
1400000US21097950500,21097950500,"Census Tract 9505, Harrison County, Kentucky",4684
1400000US21099970100,21099970100,"Census Tract 9701, Hart County, Kentucky",1891
1400000US21099970200,21099970200,"Census Tract 9702, Hart County, Kentucky",2731
1400000US21099970300,21099970300,"Census Tract 9703, Hart County, Kentucky",4807
1400000US21099970400,21099970400,"Census Tract 9704, Hart County, Kentucky",5002
1400000US21099970500,21099970500,"Census Tract 9705, Hart County, Kentucky",3768
1400000US21101020100,21101020100,"Census Tract 201, Henderson County, Kentucky",1775
1400000US21101020200,21101020200,"Census Tract 202, Henderson County, Kentucky",1719
1400000US21101020300,21101020300,"Census Tract 203, Henderson County, Kentucky",1936
1400000US21101020400,21101020400,"Census Tract 204, Henderson County, Kentucky",2566
1400000US21101020500,21101020500,"Census Tract 205, Henderson County, Kentucky",2337
1400000US21101020601,21101020601,"Census Tract 206.01, Henderson County, Kentucky",6454
1400000US21101020602,21101020602,"Census Tract 206.02, Henderson County, Kentucky",5129
1400000US21101020701,21101020701,"Census Tract 207.01, Henderson County, Kentucky",5908
1400000US21101020702,21101020702,"Census Tract 207.02, Henderson County, Kentucky",6633
1400000US21101020800,21101020800,"Census Tract 208, Henderson County, Kentucky",4479
1400000US21101020900,21101020900,"Census Tract 209, Henderson County, Kentucky",7314
1400000US21103090100,21103090100,"Census Tract 901, Henry County, Kentucky",2766
1400000US21103090200,21103090200,"Census Tract 902, Henry County, Kentucky",3319
1400000US21103090301,21103090301,"Census Tract 903.01, Henry County, Kentucky",2833
1400000US21103090302,21103090302,"Census Tract 903.02, Henry County, Kentucky",3628
1400000US21103090400,21103090400,"Census Tract 904, Henry County, Kentucky",2870
1400000US21105970100,21105970100,"Census Tract 9701, Hickman County, Kentucky",4902
1400000US21107970100,21107970100,"Census Tract 9701, Hopkins County, Kentucky",3068
1400000US21107970200,21107970200,"Census Tract 9702, Hopkins County, Kentucky",3413
1400000US21107970300,21107970300,"Census Tract 9703, Hopkins County, Kentucky",7036
1400000US21107970400,21107970400,"Census Tract 9704, Hopkins County, Kentucky",2182
1400000US21107970500,21107970500,"Census Tract 9705, Hopkins County, Kentucky",5146
1400000US21107970600,21107970600,"Census Tract 9706, Hopkins County, Kentucky",3322
1400000US21107970700,21107970700,"Census Tract 9707, Hopkins County, Kentucky",4654
1400000US21107970800,21107970800,"Census Tract 9708, Hopkins County, Kentucky",3006
1400000US21107970900,21107970900,"Census Tract 9709, Hopkins County, Kentucky",3658
1400000US21107971000,21107971000,"Census Tract 9710, Hopkins County, Kentucky",2924
1400000US21107971100,21107971100,"Census Tract 9711, Hopkins County, Kentucky",3368
1400000US21107971300,21107971300,"Census Tract 9713, Hopkins County, Kentucky",5143
1400000US21109960100,21109960100,"Census Tract 9601, Jackson County, Kentucky",5048
1400000US21109960200,21109960200,"Census Tract 9602, Jackson County, Kentucky",2942
1400000US21109960300,21109960300,"Census Tract 9603, Jackson County, Kentucky",5504
1400000US21111000200,21111000200,"Census Tract 2, Jefferson County, Kentucky",2924
1400000US21111000300,21111000300,"Census Tract 3, Jefferson County, Kentucky",2624
1400000US21111000400,21111000400,"Census Tract 4, Jefferson County, Kentucky",4531
1400000US21111000600,21111000600,"Census Tract 6, Jefferson County, Kentucky",1860
1400000US21111000700,21111000700,"Census Tract 7, Jefferson County, Kentucky",2626
1400000US21111000800,21111000800,"Census Tract 8, Jefferson County, Kentucky",2076
1400000US21111000900,21111000900,"Census Tract 9, Jefferson County, Kentucky",2099
1400000US21111001000,21111001000,"Census Tract 10, Jefferson County, Kentucky",2540
1400000US21111001100,21111001100,"Census Tract 11, Jefferson County, Kentucky",3373
1400000US21111001200,21111001200,"Census Tract 12, Jefferson County, Kentucky",2811
1400000US21111001400,21111001400,"Census Tract 14, Jefferson County, Kentucky",2601
1400000US21111001500,21111001500,"Census Tract 15, Jefferson County, Kentucky",3072
1400000US21111001600,21111001600,"Census Tract 16, Jefferson County, Kentucky",2644
1400000US21111001700,21111001700,"Census Tract 17, Jefferson County, Kentucky",2268
1400000US21111001800,21111001800,"Census Tract 18, Jefferson County, Kentucky",1490
1400000US21111002100,21111002100,"Census Tract 21, Jefferson County, Kentucky",2469
1400000US21111002300,21111002300,"Census Tract 23, Jefferson County, Kentucky",2447
1400000US21111002400,21111002400,"Census Tract 24, Jefferson County, Kentucky",4784
1400000US21111002700,21111002700,"Census Tract 27, Jefferson County, Kentucky",2985
1400000US21111002800,21111002800,"Census Tract 28, Jefferson County, Kentucky",1872
1400000US21111003000,21111003000,"Census Tract 30, Jefferson County, Kentucky",3565
1400000US21111003500,21111003500,"Census Tract 35, Jefferson County, Kentucky",3088
1400000US21111003600,21111003600,"Census Tract 36, Jefferson County, Kentucky",5062
1400000US21111003700,21111003700,"Census Tract 37, Jefferson County, Kentucky",1859
1400000US21111003800,21111003800,"Census Tract 38, Jefferson County, Kentucky",3452
1400000US21111003900,21111003900,"Census Tract 39, Jefferson County, Kentucky",3968
1400000US21111004000,21111004000,"Census Tract 40, Jefferson County, Kentucky",1803
1400000US21111004100,21111004100,"Census Tract 41, Jefferson County, Kentucky",2580
1400000US21111004301,21111004301,"Census Tract 43.01, Jefferson County, Kentucky",4119
1400000US21111004302,21111004302,"Census Tract 43.02, Jefferson County, Kentucky",2178
1400000US21111004400,21111004400,"Census Tract 44, Jefferson County, Kentucky",4160
1400000US21111004500,21111004500,"Census Tract 45, Jefferson County, Kentucky",3118
1400000US21111004600,21111004600,"Census Tract 46, Jefferson County, Kentucky",3803
1400000US21111004900,21111004900,"Census Tract 49, Jefferson County, Kentucky",4263
1400000US21111005000,21111005000,"Census Tract 50, Jefferson County, Kentucky",1653
1400000US21111005100,21111005100,"Census Tract 51, Jefferson County, Kentucky",3195
1400000US21111005200,21111005200,"Census Tract 52, Jefferson County, Kentucky",3375
1400000US21111005300,21111005300,"Census Tract 53, Jefferson County, Kentucky",2180
1400000US21111005600,21111005600,"Census Tract 56, Jefferson County, Kentucky",4281
1400000US21111005900,21111005900,"Census Tract 59, Jefferson County, Kentucky",4676
1400000US21111006200,21111006200,"Census Tract 62, Jefferson County, Kentucky",2699
1400000US21111006300,21111006300,"Census Tract 63, Jefferson County, Kentucky",1782
1400000US21111006400,21111006400,"Census Tract 64, Jefferson County, Kentucky",1663
1400000US21111006500,21111006500,"Census Tract 65, Jefferson County, Kentucky",2878
1400000US21111006600,21111006600,"Census Tract 66, Jefferson County, Kentucky",2005
1400000US21111006800,21111006800,"Census Tract 68, Jefferson County, Kentucky",2082
1400000US21111006900,21111006900,"Census Tract 69, Jefferson County, Kentucky",2220
1400000US21111007000,21111007000,"Census Tract 70, Jefferson County, Kentucky",2099
1400000US21111007100,21111007100,"Census Tract 71, Jefferson County, Kentucky",4508
1400000US21111007400,21111007400,"Census Tract 74, Jefferson County, Kentucky",2049
1400000US21111007501,21111007501,"Census Tract 75.01, Jefferson County, Kentucky",5191
1400000US21111007502,21111007502,"Census Tract 75.02, Jefferson County, Kentucky",5339
1400000US21111007601,21111007601,"Census Tract 76.01, Jefferson County, Kentucky",1949
1400000US21111007602,21111007602,"Census Tract 76.02, Jefferson County, Kentucky",3634
1400000US21111007603,21111007603,"Census Tract 76.03, Jefferson County, Kentucky",2503
1400000US21111007700,21111007700,"Census Tract 77, Jefferson County, Kentucky",3294
1400000US21111007800,21111007800,"Census Tract 78, Jefferson County, Kentucky",3105
1400000US21111007900,21111007900,"Census Tract 79, Jefferson County, Kentucky",1808
1400000US21111008100,21111008100,"Census Tract 81, Jefferson County, Kentucky",3111
1400000US21111008200,21111008200,"Census Tract 82, Jefferson County, Kentucky",3881
1400000US21111008300,21111008300,"Census Tract 83, Jefferson County, Kentucky",2508
1400000US21111008400,21111008400,"Census Tract 84, Jefferson County, Kentucky",2923
1400000US21111008500,21111008500,"Census Tract 85, Jefferson County, Kentucky",2001
1400000US21111008700,21111008700,"Census Tract 87, Jefferson County, Kentucky",3945
1400000US21111008800,21111008800,"Census Tract 88, Jefferson County, Kentucky",3069
1400000US21111008900,21111008900,"Census Tract 89, Jefferson County, Kentucky",4458
1400000US21111009000,21111009000,"Census Tract 90, Jefferson County, Kentucky",6823
1400000US21111009103,21111009103,"Census Tract 91.03, Jefferson County, Kentucky",1496
1400000US21111009105,21111009105,"Census Tract 91.05, Jefferson County, Kentucky",2985
1400000US21111009106,21111009106,"Census Tract 91.06, Jefferson County, Kentucky",4978
1400000US21111009300,21111009300,"Census Tract 93, Jefferson County, Kentucky",5042
1400000US21111009400,21111009400,"Census Tract 94, Jefferson County, Kentucky",6393
1400000US21111009600,21111009600,"Census Tract 96, Jefferson County, Kentucky",4314
1400000US21111009700,21111009700,"Census Tract 97, Jefferson County, Kentucky",2728
1400000US21111009800,21111009800,"Census Tract 98, Jefferson County, Kentucky",2673
1400000US21111009900,21111009900,"Census Tract 99, Jefferson County, Kentucky",2822
1400000US21111010001,21111010001,"Census Tract 100.01, Jefferson County, Kentucky",4553
1400000US21111010004,21111010004,"Census Tract 100.04, Jefferson County, Kentucky",4607
1400000US21111010005,21111010005,"Census Tract 100.05, Jefferson County, Kentucky",4405
1400000US21111010006,21111010006,"Census Tract 100.06, Jefferson County, Kentucky",3692
1400000US21111010007,21111010007,"Census Tract 100.07, Jefferson County, Kentucky",4121
1400000US21111010008,21111010008,"Census Tract 100.08, Jefferson County, Kentucky",3898
1400000US21111010102,21111010102,"Census Tract 101.02, Jefferson County, Kentucky",4078
1400000US21111010103,21111010103,"Census Tract 101.03, Jefferson County, Kentucky",3834
1400000US21111010104,21111010104,"Census Tract 101.04, Jefferson County, Kentucky",2867
1400000US21111010307,21111010307,"Census Tract 103.07, Jefferson County, Kentucky",4975
1400000US21111010309,21111010309,"Census Tract 103.09, Jefferson County, Kentucky",4756
1400000US21111010311,21111010311,"Census Tract 103.11, Jefferson County, Kentucky",7146
1400000US21111010312,21111010312,"Census Tract 103.12, Jefferson County, Kentucky",3092
1400000US21111010313,21111010313,"Census Tract 103.13, Jefferson County, Kentucky",3526
1400000US21111010314,21111010314,"Census Tract 103.14, Jefferson County, Kentucky",6230
1400000US21111010315,21111010315,"Census Tract 103.15, Jefferson County, Kentucky",2794
1400000US21111010316,21111010316,"Census Tract 103.16, Jefferson County, Kentucky",4751
1400000US21111010317,21111010317,"Census Tract 103.17, Jefferson County, Kentucky",4348
1400000US21111010318,21111010318,"Census Tract 103.18, Jefferson County, Kentucky",5691
1400000US21111010319,21111010319,"Census Tract 103.19, Jefferson County, Kentucky",4444
1400000US21111010320,21111010320,"Census Tract 103.20, Jefferson County, Kentucky",3466
1400000US21111010402,21111010402,"Census Tract 104.02, Jefferson County, Kentucky",6253
1400000US21111010403,21111010403,"Census Tract 104.03, Jefferson County, Kentucky",3828
1400000US21111010405,21111010405,"Census Tract 104.05, Jefferson County, Kentucky",4274
1400000US21111010406,21111010406,"Census Tract 104.06, Jefferson County, Kentucky",5958
1400000US21111010500,21111010500,"Census Tract 105, Jefferson County, Kentucky",3796
1400000US21111010601,21111010601,"Census Tract 106.01, Jefferson County, Kentucky",3078
1400000US21111010602,21111010602,"Census Tract 106.02, Jefferson County, Kentucky",3635
1400000US21111010701,21111010701,"Census Tract 107.01, Jefferson County, Kentucky",4977
1400000US21111010702,21111010702,"Census Tract 107.02, Jefferson County, Kentucky",5477
1400000US21111010705,21111010705,"Census Tract 107.05, Jefferson County, Kentucky",6283
1400000US21111010706,21111010706,"Census Tract 107.06, Jefferson County, Kentucky",3311
1400000US21111010800,21111010800,"Census Tract 108, Jefferson County, Kentucky",3856
1400000US21111010901,21111010901,"Census Tract 109.01, Jefferson County, Kentucky",4723
1400000US21111010902,21111010902,"Census Tract 109.02, Jefferson County, Kentucky",4089
1400000US21111011002,21111011002,"Census Tract 110.02, Jefferson County, Kentucky",5473
1400000US21111011003,21111011003,"Census Tract 110.03, Jefferson County, Kentucky",5850
1400000US21111011004,21111011004,"Census Tract 110.04, Jefferson County, Kentucky",6178
1400000US21111011005,21111011005,"Census Tract 110.05, Jefferson County, Kentucky",2820
1400000US21111011102,21111011102,"Census Tract 111.02, Jefferson County, Kentucky",6154
1400000US21111011106,21111011106,"Census Tract 111.06, Jefferson County, Kentucky",6900
1400000US21111011109,21111011109,"Census Tract 111.09, Jefferson County, Kentucky",2119
1400000US21111011110,21111011110,"Census Tract 111.10, Jefferson County, Kentucky",6220
1400000US21111011111,21111011111,"Census Tract 111.11, Jefferson County, Kentucky",5285
1400000US21111011112,21111011112,"Census Tract 111.12, Jefferson County, Kentucky",3403
1400000US21111011113,21111011113,"Census Tract 111.13, Jefferson County, Kentucky",2671
1400000US21111011114,21111011114,"Census Tract 111.14, Jefferson County, Kentucky",5313
1400000US21111011200,21111011200,"Census Tract 112, Jefferson County, Kentucky",5490
1400000US21111011301,21111011301,"Census Tract 113.01, Jefferson County, Kentucky",2339
1400000US21111011302,21111011302,"Census Tract 113.02, Jefferson County, Kentucky",7219
1400000US21111011403,21111011403,"Census Tract 114.03, Jefferson County, Kentucky",1835
1400000US21111011404,21111011404,"Census Tract 114.04, Jefferson County, Kentucky",3752
1400000US21111011405,21111011405,"Census Tract 114.05, Jefferson County, Kentucky",5804
1400000US21111011406,21111011406,"Census Tract 114.06, Jefferson County, Kentucky",4234
1400000US21111011505,21111011505,"Census Tract 115.05, Jefferson County, Kentucky",6298
1400000US21111011506,21111011506,"Census Tract 115.06, Jefferson County, Kentucky",5654
1400000US21111011508,21111011508,"Census Tract 115.08, Jefferson County, Kentucky",5170
1400000US21111011509,21111011509,"Census Tract 115.09, Jefferson County, Kentucky",4013
1400000US21111011513,21111011513,"Census Tract 115.13, Jefferson County, Kentucky",4512
1400000US21111011514,21111011514,"Census Tract 115.14, Jefferson County, Kentucky",3291
1400000US21111011515,21111011515,"Census Tract 115.15, Jefferson County, Kentucky",4721
1400000US21111011516,21111011516,"Census Tract 115.16, Jefferson County, Kentucky",3958
1400000US21111011517,21111011517,"Census Tract 115.17, Jefferson County, Kentucky",5766
1400000US21111011518,21111011518,"Census Tract 115.18, Jefferson County, Kentucky",2374
1400000US21111011519,21111011519,"Census Tract 115.19, Jefferson County, Kentucky",5222
1400000US21111011520,21111011520,"Census Tract 115.20, Jefferson County, Kentucky",3495
1400000US21111011601,21111011601,"Census Tract 116.01, Jefferson County, Kentucky",5964
1400000US21111011603,21111011603,"Census Tract 116.03, Jefferson County, Kentucky",4528
1400000US21111011604,21111011604,"Census Tract 116.04, Jefferson County, Kentucky",2548
1400000US21111011706,21111011706,"Census Tract 117.06, Jefferson County, Kentucky",3690
1400000US21111011707,21111011707,"Census Tract 117.07, Jefferson County, Kentucky",5709
1400000US21111011708,21111011708,"Census Tract 117.08, Jefferson County, Kentucky",4678
1400000US21111011709,21111011709,"Census Tract 117.09, Jefferson County, Kentucky",3976
1400000US21111011710,21111011710,"Census Tract 117.10, Jefferson County, Kentucky",2670
1400000US21111011711,21111011711,"Census Tract 117.11, Jefferson County, Kentucky",5993
1400000US21111011712,21111011712,"Census Tract 117.12, Jefferson County, Kentucky",4161
1400000US21111011713,21111011713,"Census Tract 117.13, Jefferson County, Kentucky",2870
1400000US21111011800,21111011800,"Census Tract 118, Jefferson County, Kentucky",2702
1400000US21111011901,21111011901,"Census Tract 119.01, Jefferson County, Kentucky",1040
1400000US21111011904,21111011904,"Census Tract 119.04, Jefferson County, Kentucky",2584
1400000US21111011905,21111011905,"Census Tract 119.05, Jefferson County, Kentucky",7402
1400000US21111011906,21111011906,"Census Tract 119.06, Jefferson County, Kentucky",3480
1400000US21111011907,21111011907,"Census Tract 119.07, Jefferson County, Kentucky",4443
1400000US21111012001,21111012001,"Census Tract 120.01, Jefferson County, Kentucky",3378
1400000US21111012002,21111012002,"Census Tract 120.02, Jefferson County, Kentucky",5891
1400000US21111012003,21111012003,"Census Tract 120.03, Jefferson County, Kentucky",3706
1400000US21111012103,21111012103,"Census Tract 121.03, Jefferson County, Kentucky",3168
1400000US21111012104,21111012104,"Census Tract 121.04, Jefferson County, Kentucky",4002
1400000US21111012105,21111012105,"Census Tract 121.05, Jefferson County, Kentucky",4557
1400000US21111012106,21111012106,"Census Tract 121.06, Jefferson County, Kentucky",7683
1400000US21111012107,21111012107,"Census Tract 121.07, Jefferson County, Kentucky",5545
1400000US21111012202,21111012202,"Census Tract 122.02, Jefferson County, Kentucky",6270
1400000US21111012203,21111012203,"Census Tract 122.03, Jefferson County, Kentucky",6182
1400000US21111012204,21111012204,"Census Tract 122.04, Jefferson County, Kentucky",4409
1400000US21111012301,21111012301,"Census Tract 123.01, Jefferson County, Kentucky",3331
1400000US21111012302,21111012302,"Census Tract 123.02, Jefferson County, Kentucky",5555
1400000US21111012406,21111012406,"Census Tract 124.06, Jefferson County, Kentucky",5669
1400000US21111012407,21111012407,"Census Tract 124.07, Jefferson County, Kentucky",4583
1400000US21111012408,21111012408,"Census Tract 124.08, Jefferson County, Kentucky",2391
1400000US21111012409,21111012409,"Census Tract 124.09, Jefferson County, Kentucky",3312
1400000US21111012410,21111012410,"Census Tract 124.10, Jefferson County, Kentucky",4180
1400000US21111012411,21111012411,"Census Tract 124.11, Jefferson County, Kentucky",6653
1400000US21111012501,21111012501,"Census Tract 125.01, Jefferson County, Kentucky",2549
1400000US21111012502,21111012502,"Census Tract 125.02, Jefferson County, Kentucky",5230
1400000US21111012503,21111012503,"Census Tract 125.03, Jefferson County, Kentucky",4160
1400000US21111012601,21111012601,"Census Tract 126.01, Jefferson County, Kentucky",6917
1400000US21111012603,21111012603,"Census Tract 126.03, Jefferson County, Kentucky",2716
1400000US21111012604,21111012604,"Census Tract 126.04, Jefferson County, Kentucky",5245
1400000US21111012701,21111012701,"Census Tract 127.01, Jefferson County, Kentucky",3576
1400000US21111012702,21111012702,"Census Tract 127.02, Jefferson County, Kentucky",2089
1400000US21111012703,21111012703,"Census Tract 127.03, Jefferson County, Kentucky",6069
1400000US21111012801,21111012801,"Census Tract 128.01, Jefferson County, Kentucky",3256
1400000US21111012802,21111012802,"Census Tract 128.02, Jefferson County, Kentucky",2543
1400000US21111013100,21111013100,"Census Tract 131, Jefferson County, Kentucky",2066
1400000US21111980100,21111980100,"Census Tract 9801, Jefferson County, Kentucky",0
1400000US21113060101,21113060101,"Census Tract 601.01, Jessamine County, Kentucky",7530
1400000US21113060102,21113060102,"Census Tract 601.02, Jessamine County, Kentucky",6834
1400000US21113060200,21113060200,"Census Tract 602, Jessamine County, Kentucky",3951
1400000US21113060300,21113060300,"Census Tract 603, Jessamine County, Kentucky",2399
1400000US21113060400,21113060400,"Census Tract 604, Jessamine County, Kentucky",8313
1400000US21113060502,21113060502,"Census Tract 605.02, Jessamine County, Kentucky",6169
1400000US21113060503,21113060503,"Census Tract 605.03, Jessamine County, Kentucky",4483
1400000US21113060504,21113060504,"Census Tract 605.04, Jessamine County, Kentucky",3259
1400000US21113060600,21113060600,"Census Tract 606, Jessamine County, Kentucky",5648
1400000US21115960100,21115960100,"Census Tract 9601, Johnson County, Kentucky",3340
1400000US21115960200,21115960200,"Census Tract 9602, Johnson County, Kentucky",2681
1400000US21115960300,21115960300,"Census Tract 9603, Johnson County, Kentucky",3203
1400000US21115960400,21115960400,"Census Tract 9604, Johnson County, Kentucky",6597
1400000US21115960500,21115960500,"Census Tract 9605, Johnson County, Kentucky",3014
1400000US21115960600,21115960600,"Census Tract 9606, Johnson County, Kentucky",4521
1400000US21117060300,21117060300,"Census Tract 603, Kenton County, Kentucky",1577
1400000US21117060700,21117060700,"Census Tract 607, Kenton County, Kentucky",1587
1400000US21117060900,21117060900,"Census Tract 609, Kenton County, Kentucky",2041
1400000US21117061000,21117061000,"Census Tract 610, Kenton County, Kentucky",2071
1400000US21117061100,21117061100,"Census Tract 611, Kenton County, Kentucky",1375
1400000US21117061200,21117061200,"Census Tract 612, Kenton County, Kentucky",2620
1400000US21117061300,21117061300,"Census Tract 613, Kenton County, Kentucky",2471
1400000US21117061400,21117061400,"Census Tract 614, Kenton County, Kentucky",3626
1400000US21117061600,21117061600,"Census Tract 616, Kenton County, Kentucky",1357
1400000US21117063603,21117063603,"Census Tract 636.03, Kenton County, Kentucky",8318
1400000US21117063604,21117063604,"Census Tract 636.04, Kenton County, Kentucky",6209
1400000US21117063605,21117063605,"Census Tract 636.05, Kenton County, Kentucky",10587
1400000US21117063606,21117063606,"Census Tract 636.06, Kenton County, Kentucky",3944
1400000US21117063701,21117063701,"Census Tract 637.01, Kenton County, Kentucky",3172
1400000US21117063702,21117063702,"Census Tract 637.02, Kenton County, Kentucky",4354
1400000US21117063800,21117063800,"Census Tract 638, Kenton County, Kentucky",2965
1400000US21117064000,21117064000,"Census Tract 640, Kenton County, Kentucky",6313
1400000US21117064100,21117064100,"Census Tract 641, Kenton County, Kentucky",5537
1400000US21117064200,21117064200,"Census Tract 642, Kenton County, Kentucky",1458
1400000US21117064300,21117064300,"Census Tract 643, Kenton County, Kentucky",3174
1400000US21117064400,21117064400,"Census Tract 644, Kenton County, Kentucky",3674
1400000US21117064500,21117064500,"Census Tract 645, Kenton County, Kentucky",3575
1400000US21117064600,21117064600,"Census Tract 646, Kenton County, Kentucky",5235
1400000US21117064700,21117064700,"Census Tract 647, Kenton County, Kentucky",5370
1400000US21117064800,21117064800,"Census Tract 648, Kenton County, Kentucky",3401
1400000US21117064900,21117064900,"Census Tract 649, Kenton County, Kentucky",3009
1400000US21117065000,21117065000,"Census Tract 650, Kenton County, Kentucky",3669
1400000US21117065100,21117065100,"Census Tract 651, Kenton County, Kentucky",3498
1400000US21117065200,21117065200,"Census Tract 652, Kenton County, Kentucky",3928
1400000US21117065300,21117065300,"Census Tract 653, Kenton County, Kentucky",9730
1400000US21117065400,21117065400,"Census Tract 654, Kenton County, Kentucky",1439
1400000US21117065501,21117065501,"Census Tract 655.01, Kenton County, Kentucky",4357
1400000US21117065502,21117065502,"Census Tract 655.02, Kenton County, Kentucky",3999
1400000US21117065600,21117065600,"Census Tract 656, Kenton County, Kentucky",6263
1400000US21117065700,21117065700,"Census Tract 657, Kenton County, Kentucky",1990
1400000US21117065800,21117065800,"Census Tract 658, Kenton County, Kentucky",2879
1400000US21117065900,21117065900,"Census Tract 659, Kenton County, Kentucky",1506
1400000US21117066800,21117066800,"Census Tract 668, Kenton County, Kentucky",7704
1400000US21117066900,21117066900,"Census Tract 669, Kenton County, Kentucky",4304
1400000US21117067000,21117067000,"Census Tract 670, Kenton County, Kentucky",3464
1400000US21117067100,21117067100,"Census Tract 671, Kenton County, Kentucky",1970
1400000US21119960100,21119960100,"Census Tract 9601, Knott County, Kentucky",2273
1400000US21119960200,21119960200,"Census Tract 9602, Knott County, Kentucky",3035
1400000US21119960300,21119960300,"Census Tract 9603, Knott County, Kentucky",4278
1400000US21119960400,21119960400,"Census Tract 9604, Knott County, Kentucky",2329
1400000US21119960500,21119960500,"Census Tract 9605, Knott County, Kentucky",4431
1400000US21121930100,21121930100,"Census Tract 9301, Knox County, Kentucky",1797
1400000US21121930200,21121930200,"Census Tract 9302, Knox County, Kentucky",3688
1400000US21121930300,21121930300,"Census Tract 9303, Knox County, Kentucky",2993
1400000US21121930400,21121930400,"Census Tract 9304, Knox County, Kentucky",7670
1400000US21121930500,21121930500,"Census Tract 9305, Knox County, Kentucky",5958
1400000US21121930601,21121930601,"Census Tract 9306.01, Knox County, Kentucky",5759
1400000US21121930602,21121930602,"Census Tract 9306.02, Knox County, Kentucky",2066
1400000US21121930700,21121930700,"Census Tract 9307, Knox County, Kentucky",1952
1400000US21123960101,21123960101,"Census Tract 9601.01, Larue County, Kentucky",1702
1400000US21123960102,21123960102,"Census Tract 9601.02, Larue County, Kentucky",6212
1400000US21123960200,21123960200,"Census Tract 9602, Larue County, Kentucky",2504
1400000US21123960300,21123960300,"Census Tract 9603, Larue County, Kentucky",3775
1400000US21125970100,21125970100,"Census Tract 9701, Laurel County, Kentucky",2899
1400000US21125970200,21125970200,"Census Tract 9702, Laurel County, Kentucky",6523
1400000US21125970300,21125970300,"Census Tract 9703, Laurel County, Kentucky",4233
1400000US21125970400,21125970400,"Census Tract 9704, Laurel County, Kentucky",3522
1400000US21125970500,21125970500,"Census Tract 9705, Laurel County, Kentucky",4638
1400000US21125970600,21125970600,"Census Tract 9706, Laurel County, Kentucky",3189
1400000US21125970700,21125970700,"Census Tract 9707, Laurel County, Kentucky",5659
1400000US21125970800,21125970800,"Census Tract 9708, Laurel County, Kentucky",4738
1400000US21125970900,21125970900,"Census Tract 9709, Laurel County, Kentucky",3787
1400000US21125971001,21125971001,"Census Tract 9710.01, Laurel County, Kentucky",3654
1400000US21125971002,21125971002,"Census Tract 9710.02, Laurel County, Kentucky",6483
1400000US21125971101,21125971101,"Census Tract 9711.01, Laurel County, Kentucky",2212
1400000US21125971102,21125971102,"Census Tract 9711.02, Laurel County, Kentucky",7312
1400000US21127930100,21127930100,"Census Tract 9301, Lawrence County, Kentucky",6953
1400000US21127930200,21127930200,"Census Tract 9302, Lawrence County, Kentucky",1769
1400000US21127930300,21127930300,"Census Tract 9303, Lawrence County, Kentucky",1582
1400000US21127930400,21127930400,"Census Tract 9304, Lawrence County, Kentucky",3134
1400000US21127930500,21127930500,"Census Tract 9305, Lawrence County, Kentucky",2422
1400000US21129950100,21129950100,"Census Tract 9501, Lee County, Kentucky",4788
1400000US21129950200,21129950200,"Census Tract 9502, Lee County, Kentucky",1517
1400000US21129950300,21129950300,"Census Tract 9503, Lee County, Kentucky",1582
1400000US21131920100,21131920100,"Census Tract 9201, Leslie County, Kentucky",5535
1400000US21131920200,21131920200,"Census Tract 9202, Leslie County, Kentucky",2883
1400000US21131920300,21131920300,"Census Tract 9203, Leslie County, Kentucky",2892
1400000US21133950100,21133950100,"Census Tract 9501, Letcher County, Kentucky",2871
1400000US21133950200,21133950200,"Census Tract 9502, Letcher County, Kentucky",4930
1400000US21133950300,21133950300,"Census Tract 9503, Letcher County, Kentucky",1451
1400000US21133950401,21133950401,"Census Tract 9504.01, Letcher County, Kentucky",3060
1400000US21133950402,21133950402,"Census Tract 9504.02, Letcher County, Kentucky",5380
1400000US21133950500,21133950500,"Census Tract 9505, Letcher County, Kentucky",1504
1400000US21133950600,21133950600,"Census Tract 9506, Letcher County, Kentucky",5323
1400000US21135930100,21135930100,"Census Tract 9301, Lewis County, Kentucky",4419
1400000US21135930200,21135930200,"Census Tract 9302, Lewis County, Kentucky",3883
1400000US21135930300,21135930300,"Census Tract 9303, Lewis County, Kentucky",3479
1400000US21135930400,21135930400,"Census Tract 9304, Lewis County, Kentucky",2089
1400000US21137920101,21137920101,"Census Tract 9201.01, Lincoln County, Kentucky",2158
1400000US21137920102,21137920102,"Census Tract 9201.02, Lincoln County, Kentucky",4709
1400000US21137920103,21137920103,"Census Tract 9201.03, Lincoln County, Kentucky",2454
1400000US21137920200,21137920200,"Census Tract 9202, Lincoln County, Kentucky",5739
1400000US21137920300,21137920300,"Census Tract 9203, Lincoln County, Kentucky",5456
1400000US21137920400,21137920400,"Census Tract 9204, Lincoln County, Kentucky",4226
1400000US21139040100,21139040100,"Census Tract 401, Livingston County, Kentucky",2974
1400000US21139040200,21139040200,"Census Tract 402, Livingston County, Kentucky",6545
1400000US21141960100,21141960100,"Census Tract 9601, Logan County, Kentucky",5375
1400000US21141960200,21141960200,"Census Tract 9602, Logan County, Kentucky",3725
1400000US21141960300,21141960300,"Census Tract 9603, Logan County, Kentucky",5910
1400000US21141960400,21141960400,"Census Tract 9604, Logan County, Kentucky",4832
1400000US21141960500,21141960500,"Census Tract 9605, Logan County, Kentucky",4012
1400000US21141960600,21141960600,"Census Tract 9606, Logan County, Kentucky",2981
1400000US21143960100,21143960100,"Census Tract 9601, Lyon County, Kentucky",6444
1400000US21143960200,21143960200,"Census Tract 9602, Lyon County, Kentucky",1870
1400000US21143980100,21143980100,"Census Tract 9801, Lyon County, Kentucky",0
1400000US21145030100,21145030100,"Census Tract 301, McCracken County, Kentucky",1265
1400000US21145030200,21145030200,"Census Tract 302, McCracken County, Kentucky",2075
1400000US21145030300,21145030300,"Census Tract 303, McCracken County, Kentucky",1482
1400000US21145030400,21145030400,"Census Tract 304, McCracken County, Kentucky",1771
1400000US21145030500,21145030500,"Census Tract 305, McCracken County, Kentucky",1243
1400000US21145030600,21145030600,"Census Tract 306, McCracken County, Kentucky",3705
1400000US21145030700,21145030700,"Census Tract 307, McCracken County, Kentucky",4469
1400000US21145030800,21145030800,"Census Tract 308, McCracken County, Kentucky",4623
1400000US21145030900,21145030900,"Census Tract 309, McCracken County, Kentucky",3506
1400000US21145031000,21145031000,"Census Tract 310, McCracken County, Kentucky",4568
1400000US21145031100,21145031100,"Census Tract 311, McCracken County, Kentucky",5835
1400000US21145031200,21145031200,"Census Tract 312, McCracken County, Kentucky",4887
1400000US21145031301,21145031301,"Census Tract 313.01, McCracken County, Kentucky",4784
1400000US21145031302,21145031302,"Census Tract 313.02, McCracken County, Kentucky",6052
1400000US21145031400,21145031400,"Census Tract 314, McCracken County, Kentucky",6080
1400000US21145031500,21145031500,"Census Tract 315, McCracken County, Kentucky",6328
1400000US21145031600,21145031600,"Census Tract 316, McCracken County, Kentucky",2892
1400000US21147960100,21147960100,"Census Tract 9601, McCreary County, Kentucky",2472
1400000US21147960200,21147960200,"Census Tract 9602, McCreary County, Kentucky",1030
1400000US21147960300,21147960300,"Census Tract 9603, McCreary County, Kentucky",7032
1400000US21147960400,21147960400,"Census Tract 9604, McCreary County, Kentucky",7772
1400000US21149970100,21149970100,"Census Tract 9701, McLean County, Kentucky",3084
1400000US21149970200,21149970200,"Census Tract 9702, McLean County, Kentucky",3418
1400000US21149970500,21149970500,"Census Tract 9705, McLean County, Kentucky",3029
1400000US21151010101,21151010101,"Census Tract 101.01, Madison County, Kentucky",2005
1400000US21151010102,21151010102,"Census Tract 101.02, Madison County, Kentucky",6858
1400000US21151010200,21151010200,"Census Tract 102, Madison County, Kentucky",3752
1400000US21151010300,21151010300,"Census Tract 103, Madison County, Kentucky",7506
1400000US21151010400,21151010400,"Census Tract 104, Madison County, Kentucky",1790
1400000US21151010500,21151010500,"Census Tract 105, Madison County, Kentucky",4182
1400000US21151010600,21151010600,"Census Tract 106, Madison County, Kentucky",5157
1400000US21151010701,21151010701,"Census Tract 107.01, Madison County, Kentucky",4203
1400000US21151010702,21151010702,"Census Tract 107.02, Madison County, Kentucky",3550
1400000US21151010800,21151010800,"Census Tract 108, Madison County, Kentucky",4319
1400000US21151010901,21151010901,"Census Tract 109.01, Madison County, Kentucky",3255
1400000US21151010902,21151010902,"Census Tract 109.02, Madison County, Kentucky",2587
1400000US21151010903,21151010903,"Census Tract 109.03, Madison County, Kentucky",3898
1400000US21151011000,21151011000,"Census Tract 110, Madison County, Kentucky",6219
1400000US21151011100,21151011100,"Census Tract 111, Madison County, Kentucky",6583
1400000US21151011200,21151011200,"Census Tract 112, Madison County, Kentucky",5947
1400000US21151011301,21151011301,"Census Tract 113.01, Madison County, Kentucky",2321
1400000US21151011302,21151011302,"Census Tract 113.02, Madison County, Kentucky",4619
1400000US21151011400,21151011400,"Census Tract 114, Madison County, Kentucky",4165
1400000US21153970100,21153970100,"Census Tract 9701, Magoffin County, Kentucky",1703
1400000US21153970200,21153970200,"Census Tract 9702, Magoffin County, Kentucky",6381
1400000US21153970300,21153970300,"Census Tract 9703, Magoffin County, Kentucky",3087
1400000US21153970400,21153970400,"Census Tract 9704, Magoffin County, Kentucky",2162
1400000US21155970200,21155970200,"Census Tract 9702, Marion County, Kentucky",4463
1400000US21155970300,21155970300,"Census Tract 9703, Marion County, Kentucky",2765
1400000US21155970400,21155970400,"Census Tract 9704, Marion County, Kentucky",3048
1400000US21155970500,21155970500,"Census Tract 9705, Marion County, Kentucky",1829
1400000US21155970700,21155970700,"Census Tract 9707, Marion County, Kentucky",5768
1400000US21155970800,21155970800,"Census Tract 9708, Marion County, Kentucky",1947
1400000US21157950100,21157950100,"Census Tract 9501, Marshall County, Kentucky",5342
1400000US21157950200,21157950200,"Census Tract 9502, Marshall County, Kentucky",4746
1400000US21157950300,21157950300,"Census Tract 9503, Marshall County, Kentucky",4161
1400000US21157950400,21157950400,"Census Tract 9504, Marshall County, Kentucky",5377
1400000US21157950500,21157950500,"Census Tract 9505, Marshall County, Kentucky",5514
1400000US21157950600,21157950600,"Census Tract 9506, Marshall County, Kentucky",6308
1400000US21159950100,21159950100,"Census Tract 9501, Martin County, Kentucky",3835
1400000US21159950200,21159950200,"Census Tract 9502, Martin County, Kentucky",8073
1400000US21159950300,21159950300,"Census Tract 9503, Martin County, Kentucky",1021
1400000US21161960100,21161960100,"Census Tract 9601, Mason County, Kentucky",3468
1400000US21161960200,21161960200,"Census Tract 9602, Mason County, Kentucky",3572
1400000US21161960300,21161960300,"Census Tract 9603, Mason County, Kentucky",4048
1400000US21161960400,21161960400,"Census Tract 9604, Mason County, Kentucky",4627
1400000US21161960500,21161960500,"Census Tract 9605, Mason County, Kentucky",1775
1400000US21163970100,21163970100,"Census Tract 9701, Meade County, Kentucky",947
1400000US21163970200,21163970200,"Census Tract 9702, Meade County, Kentucky",2683
1400000US21163970301,21163970301,"Census Tract 9703.01, Meade County, Kentucky",3069
1400000US21163970302,21163970302,"Census Tract 9703.02, Meade County, Kentucky",5629
1400000US21163970401,21163970401,"Census Tract 9704.01, Meade County, Kentucky",5246
1400000US21163970402,21163970402,"Census Tract 9704.02, Meade County, Kentucky",7559
1400000US21163970500,21163970500,"Census Tract 9705, Meade County, Kentucky",3460
1400000US21163980100,21163980100,"Census Tract 9801, Meade County, Kentucky",9
1400000US21165960100,21165960100,"Census Tract 9601, Menifee County, Kentucky",3758
1400000US21165960200,21165960200,"Census Tract 9602, Menifee County, Kentucky",2548
1400000US21167960100,21167960100,"Census Tract 9601, Mercer County, Kentucky",4336
1400000US21167960200,21167960200,"Census Tract 9602, Mercer County, Kentucky",5809
1400000US21167960300,21167960300,"Census Tract 9603, Mercer County, Kentucky",3510
1400000US21167960400,21167960400,"Census Tract 9604, Mercer County, Kentucky",4334
1400000US21167960500,21167960500,"Census Tract 9605, Mercer County, Kentucky",3342
1400000US21169960100,21169960100,"Census Tract 9601, Metcalfe County, Kentucky",2294
1400000US21169960200,21169960200,"Census Tract 9602, Metcalfe County, Kentucky",3058
1400000US21169960300,21169960300,"Census Tract 9603, Metcalfe County, Kentucky",4747
1400000US21171930100,21171930100,"Census Tract 9301, Monroe County, Kentucky",1866
1400000US21171930200,21171930200,"Census Tract 9302, Monroe County, Kentucky",2180
1400000US21171930300,21171930300,"Census Tract 9303, Monroe County, Kentucky",2830
1400000US21171930400,21171930400,"Census Tract 9304, Monroe County, Kentucky",4087
1400000US21173920100,21173920100,"Census Tract 9201, Montgomery County, Kentucky",2975
1400000US21173920200,21173920200,"Census Tract 9202, Montgomery County, Kentucky",7257
1400000US21173920301,21173920301,"Census Tract 9203.01, Montgomery County, Kentucky",2781
1400000US21173920302,21173920302,"Census Tract 9203.02, Montgomery County, Kentucky",5767
1400000US21173920400,21173920400,"Census Tract 9204, Montgomery County, Kentucky",4842
1400000US21173920500,21173920500,"Census Tract 9205, Montgomery County, Kentucky",2877
1400000US21175950100,21175950100,"Census Tract 9501, Morgan County, Kentucky",2579
1400000US21175950200,21175950200,"Census Tract 9502, Morgan County, Kentucky",1967
1400000US21175950300,21175950300,"Census Tract 9503, Morgan County, Kentucky",2165
1400000US21175950400,21175950400,"Census Tract 9504, Morgan County, Kentucky",4966
1400000US21175950500,21175950500,"Census Tract 9505, Morgan County, Kentucky",2246
1400000US21177960100,21177960100,"Census Tract 9601, Muhlenberg County, Kentucky",1262
1400000US21177960200,21177960200,"Census Tract 9602, Muhlenberg County, Kentucky",7434
1400000US21177960300,21177960300,"Census Tract 9603, Muhlenberg County, Kentucky",3634
1400000US21177960400,21177960400,"Census Tract 9604, Muhlenberg County, Kentucky",5335
1400000US21177960500,21177960500,"Census Tract 9605, Muhlenberg County, Kentucky",3365
1400000US21177960600,21177960600,"Census Tract 9606, Muhlenberg County, Kentucky",3192
1400000US21177960700,21177960700,"Census Tract 9607, Muhlenberg County, Kentucky",3649
1400000US21177960800,21177960800,"Census Tract 9608, Muhlenberg County, Kentucky",1987
1400000US21177960900,21177960900,"Census Tract 9609, Muhlenberg County, Kentucky",1641
1400000US21179930100,21179930100,"Census Tract 9301, Nelson County, Kentucky",3630
1400000US21179930200,21179930200,"Census Tract 9302, Nelson County, Kentucky",7378
1400000US21179930301,21179930301,"Census Tract 9303.01, Nelson County, Kentucky",5112
1400000US21179930302,21179930302,"Census Tract 9303.02, Nelson County, Kentucky",8057
1400000US21179930303,21179930303,"Census Tract 9303.03, Nelson County, Kentucky",3303
1400000US21179930400,21179930400,"Census Tract 9304, Nelson County, Kentucky",3191
1400000US21179930500,21179930500,"Census Tract 9305, Nelson County, Kentucky",6349
1400000US21179930600,21179930600,"Census Tract 9306, Nelson County, Kentucky",2872
1400000US21179930700,21179930700,"Census Tract 9307, Nelson County, Kentucky",3545
1400000US21181960100,21181960100,"Census Tract 9601, Nicholas County, Kentucky",2085
1400000US21181960200,21181960200,"Census Tract 9602, Nicholas County, Kentucky",5050
1400000US21183920100,21183920100,"Census Tract 9201, Ohio County, Kentucky",3277
1400000US21183920200,21183920200,"Census Tract 9202, Ohio County, Kentucky",3735
1400000US21183920300,21183920300,"Census Tract 9203, Ohio County, Kentucky",4204
1400000US21183920400,21183920400,"Census Tract 9204, Ohio County, Kentucky",1870
1400000US21183920500,21183920500,"Census Tract 9205, Ohio County, Kentucky",7087
1400000US21183920600,21183920600,"Census Tract 9206, Ohio County, Kentucky",2071
1400000US21183920700,21183920700,"Census Tract 9207, Ohio County, Kentucky",1598
1400000US21185030100,21185030100,"Census Tract 301, Oldham County, Kentucky",2299
1400000US21185030200,21185030200,"Census Tract 302, Oldham County, Kentucky",5164
1400000US21185030301,21185030301,"Census Tract 303.01, Oldham County, Kentucky",3159
1400000US21185030302,21185030302,"Census Tract 303.02, Oldham County, Kentucky",4490
1400000US21185030401,21185030401,"Census Tract 304.01, Oldham County, Kentucky",6416
1400000US21185030402,21185030402,"Census Tract 304.02, Oldham County, Kentucky",2641
1400000US21185030501,21185030501,"Census Tract 305.01, Oldham County, Kentucky",4092
1400000US21185030502,21185030502,"Census Tract 305.02, Oldham County, Kentucky",4650
1400000US21185030601,21185030601,"Census Tract 306.01, Oldham County, Kentucky",5921
1400000US21185030602,21185030602,"Census Tract 306.02, Oldham County, Kentucky",5006
1400000US21185030701,21185030701,"Census Tract 307.01, Oldham County, Kentucky",2280
1400000US21185030702,21185030702,"Census Tract 307.02, Oldham County, Kentucky",5686
1400000US21185030801,21185030801,"Census Tract 308.01, Oldham County, Kentucky",3901
1400000US21185030802,21185030802,"Census Tract 308.02, Oldham County, Kentucky",4611
1400000US21187970100,21187970100,"Census Tract 9701, Owen County, Kentucky",3041
1400000US21187970200,21187970200,"Census Tract 9702, Owen County, Kentucky",4969
1400000US21187970300,21187970300,"Census Tract 9703, Owen County, Kentucky",2831
1400000US21189930100,21189930100,"Census Tract 9301, Owsley County, Kentucky",2612
1400000US21189930200,21189930200,"Census Tract 9302, Owsley County, Kentucky",2143
1400000US21191930100,21191930100,"Census Tract 9301, Pendleton County, Kentucky",7011
1400000US21191930200,21191930200,"Census Tract 9302, Pendleton County, Kentucky",2793
1400000US21191930300,21191930300,"Census Tract 9303, Pendleton County, Kentucky",5073
1400000US21193970300,21193970300,"Census Tract 9703, Perry County, Kentucky",2460
1400000US21193970400,21193970400,"Census Tract 9704, Perry County, Kentucky",4239
1400000US21193970500,21193970500,"Census Tract 9705, Perry County, Kentucky",5881
1400000US21193970600,21193970600,"Census Tract 9706, Perry County, Kentucky",5172
1400000US21193970700,21193970700,"Census Tract 9707, Perry County, Kentucky",1909
1400000US21193970800,21193970800,"Census Tract 9708, Perry County, Kentucky",3027
1400000US21193970900,21193970900,"Census Tract 9709, Perry County, Kentucky",1611
1400000US21193971000,21193971000,"Census Tract 9710, Perry County, Kentucky",4413
1400000US21195930100,21195930100,"Census Tract 9301, Pike County, Kentucky",3164
1400000US21195930200,21195930200,"Census Tract 9302, Pike County, Kentucky",6222
1400000US21195930300,21195930300,"Census Tract 9303, Pike County, Kentucky",3296
1400000US21195930400,21195930400,"Census Tract 9304, Pike County, Kentucky",3169
1400000US21195930500,21195930500,"Census Tract 9305, Pike County, Kentucky",2848
1400000US21195930600,21195930600,"Census Tract 9306, Pike County, Kentucky",3608
1400000US21195930700,21195930700,"Census Tract 9307, Pike County, Kentucky",2520
1400000US21195930800,21195930800,"Census Tract 9308, Pike County, Kentucky",3163
1400000US21195930900,21195930900,"Census Tract 9309, Pike County, Kentucky",2172
1400000US21195931000,21195931000,"Census Tract 9310, Pike County, Kentucky",2409
1400000US21195931100,21195931100,"Census Tract 9311, Pike County, Kentucky",4830
1400000US21195931200,21195931200,"Census Tract 9312, Pike County, Kentucky",4242
1400000US21195931300,21195931300,"Census Tract 9313, Pike County, Kentucky",2878
1400000US21195931400,21195931400,"Census Tract 9314, Pike County, Kentucky",2951
1400000US21195931500,21195931500,"Census Tract 9315, Pike County, Kentucky",4385
1400000US21195931600,21195931600,"Census Tract 9316, Pike County, Kentucky",1747
1400000US21195931700,21195931700,"Census Tract 9317, Pike County, Kentucky",4722
1400000US21195931800,21195931800,"Census Tract 9318, Pike County, Kentucky",3513
1400000US21195931900,21195931900,"Census Tract 9319, Pike County, Kentucky",3185
1400000US21197970100,21197970100,"Census Tract 9701, Powell County, Kentucky",6453
1400000US21197970200,21197970200,"Census Tract 9702, Powell County, Kentucky",6160
1400000US21199930100,21199930100,"Census Tract 9301, Pulaski County, Kentucky",6111
1400000US21199930200,21199930200,"Census Tract 9302, Pulaski County, Kentucky",5534
1400000US21199930300,21199930300,"Census Tract 9303, Pulaski County, Kentucky",5085
1400000US21199930401,21199930401,"Census Tract 9304.01, Pulaski County, Kentucky",3363
1400000US21199930402,21199930402,"Census Tract 9304.02, Pulaski County, Kentucky",5263
1400000US21199930501,21199930501,"Census Tract 9305.01, Pulaski County, Kentucky",6124
1400000US21199930502,21199930502,"Census Tract 9305.02, Pulaski County, Kentucky",6548
1400000US21199930600,21199930600,"Census Tract 9306, Pulaski County, Kentucky",4217
1400000US21199930700,21199930700,"Census Tract 9307, Pulaski County, Kentucky",4719
1400000US21199930800,21199930800,"Census Tract 9308, Pulaski County, Kentucky",5925
1400000US21199930900,21199930900,"Census Tract 9309, Pulaski County, Kentucky",2627
1400000US21199931000,21199931000,"Census Tract 9310, Pulaski County, Kentucky",1637
1400000US21199931101,21199931101,"Census Tract 9311.01, Pulaski County, Kentucky",2719
1400000US21199931102,21199931102,"Census Tract 9311.02, Pulaski County, Kentucky",3191
1400000US21201970100,21201970100,"Census Tract 9701, Robertson County, Kentucky",2282
1400000US21203950100,21203950100,"Census Tract 9501, Rockcastle County, Kentucky",3494
1400000US21203950200,21203950200,"Census Tract 9502, Rockcastle County, Kentucky",7006
1400000US21203950300,21203950300,"Census Tract 9503, Rockcastle County, Kentucky",3937
1400000US21203950400,21203950400,"Census Tract 9504, Rockcastle County, Kentucky",2619
1400000US21205950100,21205950100,"Census Tract 9501, Rowan County, Kentucky",5395
1400000US21205950200,21205950200,"Census Tract 9502, Rowan County, Kentucky",8815
1400000US21205950300,21205950300,"Census Tract 9503, Rowan County, Kentucky",5203
1400000US21205950400,21205950400,"Census Tract 9504, Rowan County, Kentucky",3920
1400000US21207960101,21207960101,"Census Tract 9601.01, Russell County, Kentucky",3602
1400000US21207960102,21207960102,"Census Tract 9601.02, Russell County, Kentucky",5186
1400000US21207960200,21207960200,"Census Tract 9602, Russell County, Kentucky",1612
1400000US21207960300,21207960300,"Census Tract 9603, Russell County, Kentucky",3988
1400000US21207960400,21207960400,"Census Tract 9604, Russell County, Kentucky",3177
1400000US21209040100,21209040100,"Census Tract 401, Scott County, Kentucky",4528
1400000US21209040203,21209040203,"Census Tract 402.03, Scott County, Kentucky",3902
1400000US21209040204,21209040204,"Census Tract 402.04, Scott County, Kentucky",3719
1400000US21209040205,21209040205,"Census Tract 402.05, Scott County, Kentucky",3497
1400000US21209040206,21209040206,"Census Tract 402.06, Scott County, Kentucky",4623
1400000US21209040301,21209040301,"Census Tract 403.01, Scott County, Kentucky",3192
1400000US21209040302,21209040302,"Census Tract 403.02, Scott County, Kentucky",1164
1400000US21209040303,21209040303,"Census Tract 403.03, Scott County, Kentucky",1350
1400000US21209040400,21209040400,"Census Tract 404, Scott County, Kentucky",2951
1400000US21209040501,21209040501,"Census Tract 405.01, Scott County, Kentucky",2439
1400000US21209040502,21209040502,"Census Tract 405.02, Scott County, Kentucky",3714
1400000US21209040601,21209040601,"Census Tract 406.01, Scott County, Kentucky",2727
1400000US21209040602,21209040602,"Census Tract 406.02, Scott County, Kentucky",3992
1400000US21209040603,21209040603,"Census Tract 406.03, Scott County, Kentucky",5375
1400000US21211040101,21211040101,"Census Tract 401.01, Shelby County, Kentucky",3445
1400000US21211040102,21211040102,"Census Tract 401.02, Shelby County, Kentucky",4357
1400000US21211040200,21211040200,"Census Tract 402, Shelby County, Kentucky",7112
1400000US21211040301,21211040301,"Census Tract 403.01, Shelby County, Kentucky",5745
1400000US21211040302,21211040302,"Census Tract 403.02, Shelby County, Kentucky",3241
1400000US21211040401,21211040401,"Census Tract 404.01, Shelby County, Kentucky",5925
1400000US21211040402,21211040402,"Census Tract 404.02, Shelby County, Kentucky",3535
1400000US21211040501,21211040501,"Census Tract 405.01, Shelby County, Kentucky",2290
1400000US21211040502,21211040502,"Census Tract 405.02, Shelby County, Kentucky",6424
1400000US21213970100,21213970100,"Census Tract 9701, Simpson County, Kentucky",1865
1400000US21213970200,21213970200,"Census Tract 9702, Simpson County, Kentucky",4433
1400000US21213970300,21213970300,"Census Tract 9703, Simpson County, Kentucky",4938
1400000US21213970400,21213970400,"Census Tract 9704, Simpson County, Kentucky",6091
1400000US21215080101,21215080101,"Census Tract 801.01, Spencer County, Kentucky",3674
1400000US21215080102,21215080102,"Census Tract 801.02, Spencer County, Kentucky",5674
1400000US21215080103,21215080103,"Census Tract 801.03, Spencer County, Kentucky",1986
1400000US21215080200,21215080200,"Census Tract 802, Spencer County, Kentucky",5727
1400000US21217920100,21217920100,"Census Tract 9201, Taylor County, Kentucky",2597
1400000US21217920200,21217920200,"Census Tract 9202, Taylor County, Kentucky",2980
1400000US21217920300,21217920300,"Census Tract 9203, Taylor County, Kentucky",4361
1400000US21217920400,21217920400,"Census Tract 9204, Taylor County, Kentucky",7729
1400000US21217920500,21217920500,"Census Tract 9205, Taylor County, Kentucky",6845
1400000US21219950100,21219950100,"Census Tract 9501, Todd County, Kentucky",3080
1400000US21219950200,21219950200,"Census Tract 9502, Todd County, Kentucky",5349
1400000US21219950300,21219950300,"Census Tract 9503, Todd County, Kentucky",2627
1400000US21219950400,21219950400,"Census Tract 9504, Todd County, Kentucky",1404
1400000US21221970100,21221970100,"Census Tract 9701, Trigg County, Kentucky",2797
1400000US21221970200,21221970200,"Census Tract 9702, Trigg County, Kentucky",6789
1400000US21221970300,21221970300,"Census Tract 9703, Trigg County, Kentucky",4729
1400000US21221980100,21221980100,"Census Tract 9801, Trigg County, Kentucky",18
1400000US21221980200,21221980200,"Census Tract 9802, Trigg County, Kentucky",6
1400000US21223100100,21223100100,"Census Tract 1001, Trimble County, Kentucky",3401
1400000US21223100200,21223100200,"Census Tract 1002, Trimble County, Kentucky",5408
1400000US21225950100,21225950100,"Census Tract 9501, Union County, Kentucky",1751
1400000US21225950201,21225950201,"Census Tract 9502.01, Union County, Kentucky",5639
1400000US21225950202,21225950202,"Census Tract 9502.02, Union County, Kentucky",2833
1400000US21225950300,21225950300,"Census Tract 9503, Union County, Kentucky",4784
1400000US21227010100,21227010100,"Census Tract 101, Warren County, Kentucky",2372
1400000US21227010200,21227010200,"Census Tract 102, Warren County, Kentucky",3572
1400000US21227010300,21227010300,"Census Tract 103, Warren County, Kentucky",4052
1400000US21227010400,21227010400,"Census Tract 104, Warren County, Kentucky",4822
1400000US21227010500,21227010500,"Census Tract 105, Warren County, Kentucky",2277
1400000US21227010600,21227010600,"Census Tract 106, Warren County, Kentucky",4090
1400000US21227010701,21227010701,"Census Tract 107.01, Warren County, Kentucky",5274
1400000US21227010702,21227010702,"Census Tract 107.02, Warren County, Kentucky",5427
1400000US21227010801,21227010801,"Census Tract 108.01, Warren County, Kentucky",2607
1400000US21227010802,21227010802,"Census Tract 108.02, Warren County, Kentucky",5405
1400000US21227010803,21227010803,"Census Tract 108.03, Warren County, Kentucky",5893
1400000US21227010900,21227010900,"Census Tract 109, Warren County, Kentucky",3953
1400000US21227011001,21227011001,"Census Tract 110.01, Warren County, Kentucky",3804
1400000US21227011002,21227011002,"Census Tract 110.02, Warren County, Kentucky",5501
1400000US21227011100,21227011100,"Census Tract 111, Warren County, Kentucky",5821
1400000US21227011200,21227011200,"Census Tract 112, Warren County, Kentucky",4397
1400000US21227011300,21227011300,"Census Tract 113, Warren County, Kentucky",3755
1400000US21227011401,21227011401,"Census Tract 114.01, Warren County, Kentucky",6190
1400000US21227011402,21227011402,"Census Tract 114.02, Warren County, Kentucky",2598
1400000US21227011500,21227011500,"Census Tract 115, Warren County, Kentucky",6605
1400000US21227011600,21227011600,"Census Tract 116, Warren County, Kentucky",5625
1400000US21227011700,21227011700,"Census Tract 117, Warren County, Kentucky",8016
1400000US21227011800,21227011800,"Census Tract 118, Warren County, Kentucky",6065
1400000US21227011900,21227011900,"Census Tract 119, Warren County, Kentucky",5671
1400000US21229930100,21229930100,"Census Tract 9301, Washington County, Kentucky",2767
1400000US21229930200,21229930200,"Census Tract 9302, Washington County, Kentucky",6705
1400000US21229930300,21229930300,"Census Tract 9303, Washington County, Kentucky",2245
1400000US21231920100,21231920100,"Census Tract 9201, Wayne County, Kentucky",4666
1400000US21231920200,21231920200,"Census Tract 9202, Wayne County, Kentucky",6121
1400000US21231920300,21231920300,"Census Tract 9203, Wayne County, Kentucky",4063
1400000US21231920400,21231920400,"Census Tract 9204, Wayne County, Kentucky",3309
1400000US21231920700,21231920700,"Census Tract 9207, Wayne County, Kentucky",2654
1400000US21233960100,21233960100,"Census Tract 9601, Webster County, Kentucky",4584
1400000US21233960200,21233960200,"Census Tract 9602, Webster County, Kentucky",2606
1400000US21233960300,21233960300,"Census Tract 9603, Webster County, Kentucky",2435
1400000US21233960400,21233960400,"Census Tract 9604, Webster County, Kentucky",3996
1400000US21235920100,21235920100,"Census Tract 9201, Whitley County, Kentucky",2692
1400000US21235920200,21235920200,"Census Tract 9202, Whitley County, Kentucky",2808
1400000US21235920300,21235920300,"Census Tract 9203, Whitley County, Kentucky",6189
1400000US21235920400,21235920400,"Census Tract 9204, Whitley County, Kentucky",5899
1400000US21235920500,21235920500,"Census Tract 9205, Whitley County, Kentucky",6110
1400000US21235920600,21235920600,"Census Tract 9206, Whitley County, Kentucky",5230
1400000US21235920700,21235920700,"Census Tract 9207, Whitley County, Kentucky",4730
1400000US21235920800,21235920800,"Census Tract 9208, Whitley County, Kentucky",1979
1400000US21237930100,21237930100,"Census Tract 9301, Wolfe County, Kentucky",3273
1400000US21237930200,21237930200,"Census Tract 9302, Wolfe County, Kentucky",4082
1400000US21239050103,21239050103,"Census Tract 501.03, Woodford County, Kentucky",3144
1400000US21239050104,21239050104,"Census Tract 501.04, Woodford County, Kentucky",3927
1400000US21239050105,21239050105,"Census Tract 501.05, Woodford County, Kentucky",3139
1400000US21239050106,21239050106,"Census Tract 501.06, Woodford County, Kentucky",3261
1400000US21239050107,21239050107,"Census Tract 501.07, Woodford County, Kentucky",3757
1400000US21239050200,21239050200,"Census Tract 502, Woodford County, Kentucky",3533
1400000US21239050300,21239050300,"Census Tract 503, Woodford County, Kentucky",1899
1400000US21239050400,21239050400,"Census Tract 504, Woodford County, Kentucky",2279
